Number,Character
627,"SUPPLY, SUPPLY, TEMPLE, U_SPLY, U_BASE, U_SPLY, SUPPLY, U_SPLY, SUPPLY, "
610,"SUPPLY, TEMPLE, SUPPLY, U_SPLY, SUPPLY, U_SPLY, SUPPLY, U_BASE, U_SPLY, "
599,"U_BASE, SUPPLY, SUPPLY, SUPPLY, SUPPLY, TEMPLE, SUPPLY, U_SPLY, "
620,"U_BASE, SUPPLY, TEMPLE, SUPPLY, U_SPLY, U_SPLY, SUPPLY, U_SPLY, SUPPLY, SUPPLY, SUPPLY, "
584,"SUPPLY, SUPPLY, SUPPLY, TEMPLE, SUPPLY, U_BASE, SUPPLY, SUPPLY, "
601,"TEMPLE, SUPPLY, U_SPLY, SUPPLY, U_SPLY, U_BASE, SUPPLY, SUPPLY, U_SPLY, U_SPLY, SUPPLY, SUPPLY, "
572,"SUPPLY, U_BASE, SUPPLY, SUPPLY, SUPPLY, SUPPLY, SUPPLY, TEMPLE, "
,"TEMPLE, U_BASE, SUPPLY, SUPPLY, SUPPLY, SUPPLY, U_SPLY, U_SPLY, "
607,"SUPPLY, SUPPLY, U_BASE, SUPPLY, TEMPLE, U_SPLY, SUPPLY, U_SPLY, U_SPLY, "
,"U_BASE, TEMPLE, SUPPLY, U_SPLY, SUPPLY, U_SPLY, SUPPLY, SUPPLY, U_SPLY, SUPPLY, U_SPLY, SUPPLY, "
683,"SUPPLY, U_BASE, SUPPLY, TEMPLE, U_SPLY, U_SPLY, SUPPLY, U_SPLY, "
741,"SUPPLY, SUPPLY, U_BASE, SUPPLY, "
,"TEMPLE, U_BASE, SUPPLY, SUPPLY, SUPPLY, SUPPLY, U_SPLY, "
544,"SUPPLY, U_BASE, SUPPLY, SUPPLY, SUPPLY, SUPPLY, SUPPLY, TEMPLE, U_SPLY, U_SPLY, U_SPLY, U_SPLY, U_SPLY, "
,"TEMPLE, U_BASE, SUPPLY, SUPPLY, U_SPLY, U_SPLY, "
,"TEMPLE, U_BASE, "
,"TEMPLE, U_BASE, SUPPLY, "
663,"TEMPLE, SUPPLY, SUPPLY, U_BASE, U_SPLY, U_SPLY, SUPPLY, U_SPLY, SUPPLY, "
579,"SUPPLY, SUPPLY, TEMPLE, U_SPLY, U_SPLY, SUPPLY, SUPPLY, U_SPLY, "
1594,"SUPPLY, "
626,"SUPPLY, U_BASE, TEMPLE, U_SPLY, SUPPLY, U_SPLY, SUPPLY, SUPPLY, U_SPLY, U_SPLY, SUPPLY, SUPPLY, "
540,"SUPPLY, U_BASE, SUPPLY, SUPPLY, SUPPLY, SUPPLY, SUPPLY, "
,"U_BASE, TEMPLE, SUPPLY, "
598,"U_BASE, SUPPLY, SUPPLY, SUPPLY, TEMPLE, U_SPLY, U_SPLY, U_SPLY, SUPPLY, U_SPLY, "
637,"SUPPLY, U_BASE, TEMPLE, SUPPLY, U_SPLY, U_SPLY, SUPPLY, U_SPLY, SUPPLY, SUPPLY, "
1045,"U_BASE, SUPPLY, SUPPLY, TEMPLE, "
641,"SUPPLY, SUPPLY, SUPPLY, SUPPLY, TEMPLE, "
547,"SUPPLY, SUPPLY, TEMPLE, U_SPLY, U_SPLY, SUPPLY, SUPPLY, U_SPLY, U_SPLY, U_BASE, SUPPLY, SUPPLY, "
627,"U_BASE, SUPPLY, TEMPLE, U_SPLY, SUPPLY, U_SPLY, SUPPLY, U_SPLY, SUPPLY, U_SPLY, SUPPLY, U_SPLY, SUPPLY, U_SPLY, "
544,"SUPPLY, SUPPLY, SUPPLY, U_BASE, SUPPLY, SUPPLY, SUPPLY, TEMPLE, U_SPLY, U_SPLY, U_SPLY, U_SPLY, U_SPLY, "
625,"SUPPLY, SUPPLY, TEMPLE, SUPPLY, SUPPLY, U_SPLY, "
611,"SUPPLY, U_BASE, TEMPLE, SUPPLY, U_SPLY, U_SPLY, SUPPLY, SUPPLY, U_SPLY, U_SPLY, SUPPLY, SUPPLY, U_SPLY, U_SPLY, "
646,"U_BASE, SUPPLY, TEMPLE, SUPPLY, SUPPLY, U_SPLY, U_SPLY, U_SPLY, SUPPLY, U_SPLY, "
673,"TEMPLE, SUPPLY, SUPPLY, SUPPLY, U_SPLY, U_SPLY, U_SPLY, SUPPLY, "
641,"TEMPLE, SUPPLY, U_SPLY, SUPPLY, SUPPLY, U_BASE, U_SPLY, U_SPLY, SUPPLY, U_SPLY, "
973,"SUPPLY, SUPPLY, U_BASE, "
673,"TEMPLE, SUPPLY, SUPPLY, U_SPLY, SUPPLY, U_SPLY, U_SPLY, SUPPLY, "
547,"SUPPLY, U_BASE, SUPPLY, SUPPLY, TEMPLE, U_SPLY, SUPPLY, SUPPLY, SUPPLY, U_SPLY, U_SPLY, U_SPLY, "
671,"SUPPLY, U_BASE, SUPPLY, TEMPLE, U_SPLY, SUPPLY, SUPPLY, "
,"U_BASE, TEMPLE, SUPPLY, U_SPLY, SUPPLY, SUPPLY, U_SPLY, U_SPLY, SUPPLY, SUPPLY, SUPPLY, U_SPLY, U_SPLY, "
988,"SUPPLY, SUPPLY, TEMPLE, "
571,"SUPPLY, SUPPLY, TEMPLE, SUPPLY, SUPPLY, U_BASE, U_SPLY, U_SPLY, U_SPLY, SUPPLY, U_SPLY, "
711,"TEMPLE, SUPPLY, U_BASE, U_SPLY, SUPPLY, SUPPLY, U_SPLY, SUPPLY, U_SPLY, "
,"TEMPLE, U_BASE, SUPPLY, SUPPLY, U_SPLY, SUPPLY, U_SPLY, U_SPLY, SUPPLY, "
876,"SUPPLY, TEMPLE, SUPPLY, U_SPLY, U_SPLY, "
683,"U_BASE, SUPPLY, TEMPLE, U_SPLY, SUPPLY, U_SPLY, SUPPLY, U_SPLY, SUPPLY, "
921,"SUPPLY, U_BASE, SUPPLY, TEMPLE, U_SPLY, "
554,"SUPPLY, U_BASE, SUPPLY, SUPPLY, TEMPLE, SUPPLY, U_SPLY, SUPPLY, SUPPLY, U_SPLY, U_SPLY, "
535,"SUPPLY, SUPPLY, SUPPLY, SUPPLY, U_BASE, TEMPLE, U_SPLY, SUPPLY, U_SPLY, U_SPLY, U_SPLY, U_SPLY, SUPPLY, U_SPLY, "
1754,"TEMPLE, SUPPLY, U_SPLY, "
917,"SUPPLY, SUPPLY, "
574,"SUPPLY, SUPPLY, TEMPLE, SUPPLY, U_BASE, U_SPLY, U_SPLY, SUPPLY, SUPPLY, SUPPLY, "
609,"TEMPLE, SUPPLY, U_SPLY, SUPPLY, SUPPLY, U_BASE, U_SPLY, U_SPLY, SUPPLY, U_SPLY, SUPPLY, U_SPLY, "
,"TEMPLE, "
626,"SUPPLY, U_BASE, TEMPLE, U_SPLY, SUPPLY, U_SPLY, SUPPLY, SUPPLY, U_SPLY, U_SPLY, SUPPLY, U_SPLY, SUPPLY, "
713,"TEMPLE, SUPPLY, U_SPLY, U_BASE, SUPPLY, U_SPLY, SUPPLY, U_SPLY, SUPPLY, "
673,"TEMPLE, SUPPLY, U_SPLY, SUPPLY, SUPPLY, SUPPLY, "
574,"SUPPLY, SUPPLY, U_BASE, TEMPLE, U_SPLY, U_SPLY, SUPPLY, U_SPLY, SUPPLY, U_SPLY, SUPPLY, U_SPLY, SUPPLY, U_SPLY, "
,"U_BASE, "
,"TEMPLE, U_BASE, SUPPLY, U_SPLY, SUPPLY, U_SPLY, SUPPLY, U_SPLY, SUPPLY, U_SPLY, SUPPLY, U_SPLY, "
574,"SUPPLY, U_BASE, SUPPLY, TEMPLE, U_SPLY, U_SPLY, SUPPLY, U_SPLY, SUPPLY, U_SPLY, SUPPLY, U_SPLY, SUPPLY, "
581,"TEMPLE, SUPPLY, U_SPLY, SUPPLY, U_SPLY, SUPPLY, SUPPLY, U_SPLY, U_BASE, SUPPLY, U_SPLY, U_SPLY, SUPPLY, "
599,"TEMPLE, SUPPLY, SUPPLY, SUPPLY, U_SPLY, SUPPLY, U_SPLY, U_SPLY, U_SPLY, "
571,"SUPPLY, U_BASE, SUPPLY, SUPPLY, TEMPLE, U_SPLY, U_SPLY, U_SPLY, SUPPLY, U_SPLY, SUPPLY, U_SPLY, "
914,"TEMPLE, SUPPLY, U_BASE, U_SPLY, SUPPLY, U_SPLY, "
547,"SUPPLY, SUPPLY, SUPPLY, U_BASE, TEMPLE, SUPPLY, SUPPLY, U_SPLY, U_SPLY, U_SPLY, SUPPLY, U_SPLY, "
,"U_BASE, TEMPLE, SUPPLY, U_SPLY, SUPPLY, U_SPLY, SUPPLY, U_SPLY, SUPPLY, U_SPLY, SUPPLY, "
568,"SUPPLY, SUPPLY, U_BASE, SUPPLY, SUPPLY, TEMPLE, SUPPLY, U_SPLY, SUPPLY, "
627,"U_BASE, SUPPLY, TEMPLE, U_SPLY, SUPPLY, U_SPLY, SUPPLY, U_SPLY, SUPPLY, SUPPLY, U_SPLY, U_SPLY, SUPPLY, U_SPLY, "
674,"SUPPLY, SUPPLY, SUPPLY, SUPPLY, U_BASE, TEMPLE, "
1110,"TEMPLE, SUPPLY, U_SPLY, U_BASE, SUPPLY, "
619,"TEMPLE, SUPPLY, U_SPLY, SUPPLY, SUPPLY, U_SPLY, U_BASE, U_SPLY, SUPPLY, U_SPLY, SUPPLY, U_SPLY, "
772,"SUPPLY, TEMPLE, SUPPLY, U_BASE, U_SPLY, SUPPLY, "
715,"SUPPLY, TEMPLE, SUPPLY, U_SPLY, SUPPLY, "
,"U_BASE, TEMPLE, SUPPLY, SUPPLY, SUPPLY, U_SPLY, U_SPLY, SUPPLY, U_SPLY, U_SPLY, SUPPLY, SUPPLY, U_SPLY, "
649,"SUPPLY, SUPPLY, U_BASE, SUPPLY, SUPPLY, TEMPLE, U_SPLY, "
824,"TEMPLE, SUPPLY, U_SPLY, SUPPLY, U_SPLY, SUPPLY, U_SPLY, U_BASE, "
706,"SUPPLY, SUPPLY, SUPPLY, TEMPLE, U_SPLY, "
1020,"TEMPLE, SUPPLY, U_SPLY, SUPPLY, "
684,"U_BASE, SUPPLY, SUPPLY, TEMPLE, U_SPLY, U_SPLY, SUPPLY, U_SPLY, "
541,"U_BASE, SUPPLY, SUPPLY, SUPPLY, SUPPLY, SUPPLY, SUPPLY, "
679,"SUPPLY, TEMPLE, U_SPLY, U_BASE, SUPPLY, SUPPLY, U_SPLY, SUPPLY, "
779,"SUPPLY, SUPPLY, TEMPLE, U_SPLY, U_SPLY, "
923,"SUPPLY, TEMPLE, SUPPLY, U_SPLY, U_SPLY, U_BASE, "
540,"SUPPLY, SUPPLY, SUPPLY, SUPPLY, U_BASE, SUPPLY, SUPPLY, "
602,"TEMPLE, SUPPLY, SUPPLY, U_BASE, U_SPLY, SUPPLY, U_SPLY, U_SPLY, SUPPLY, SUPPLY, U_SPLY, SUPPLY, "
553,"SUPPLY, SUPPLY, U_BASE, SUPPLY, TEMPLE, SUPPLY, U_SPLY, SUPPLY, U_SPLY, SUPPLY, U_SPLY, "
556,"SUPPLY, TEMPLE, SUPPLY, U_SPLY, SUPPLY, U_BASE, SUPPLY, U_SPLY, U_SPLY, SUPPLY, SUPPLY, U_SPLY, "
697,"TEMPLE, SUPPLY, U_SPLY, U_BASE, SUPPLY, SUPPLY, SUPPLY, SUPPLY, "
,"TEMPLE, U_BASE, SUPPLY, U_SPLY, SUPPLY, SUPPLY, SUPPLY, SUPPLY, "
640,"TEMPLE, SUPPLY, U_SPLY, U_BASE, SUPPLY, U_SPLY, SUPPLY, U_SPLY, SUPPLY, SUPPLY, U_SPLY, U_SPLY, SUPPLY, U_SPLY, "
575,"SUPPLY, SUPPLY, SUPPLY, SUPPLY, U_BASE, SUPPLY, "
567,"SUPPLY, TEMPLE, SUPPLY, SUPPLY, U_SPLY, U_BASE, SUPPLY, SUPPLY, SUPPLY, U_SPLY, U_SPLY, "
974,"U_BASE, SUPPLY, TEMPLE, U_SPLY, SUPPLY, "
,"U_BASE, TEMPLE, SUPPLY, U_SPLY, SUPPLY, U_SPLY, SUPPLY, U_SPLY, SUPPLY, SUPPLY, SUPPLY, U_SPLY, U_SPLY, "
1412,"TEMPLE, SUPPLY, U_BASE, U_SPLY, "
1824,"SUPPLY, U_BASE, TEMPLE, "
540,"SUPPLY, SUPPLY, SUPPLY, U_BASE, SUPPLY, SUPPLY, SUPPLY, "
577,"SUPPLY, TEMPLE, SUPPLY, U_SPLY, U_SPLY, U_BASE, SUPPLY, U_SPLY, SUPPLY, U_SPLY, SUPPLY, U_SPLY, SUPPLY, "
1754,"TEMPLE, SUPPLY, "
673,"TEMPLE, SUPPLY, U_SPLY, SUPPLY, U_SPLY, SUPPLY, U_SPLY, SUPPLY, U_SPLY, "
572,"SUPPLY, SUPPLY, SUPPLY, U_BASE, SUPPLY, SUPPLY, SUPPLY, TEMPLE, "
802,"TEMPLE, SUPPLY, U_BASE, U_SPLY, SUPPLY, U_SPLY, SUPPLY, "
924,"SUPPLY, TEMPLE, U_SPLY, SUPPLY, U_BASE, "
727,"SUPPLY, TEMPLE, U_BASE, U_SPLY, SUPPLY, SUPPLY, SUPPLY, "
553,"SUPPLY, SUPPLY, U_BASE, SUPPLY, SUPPLY, SUPPLY, SUPPLY, TEMPLE, U_SPLY, U_SPLY, U_SPLY, "
584,"TEMPLE, SUPPLY, SUPPLY, SUPPLY, SUPPLY, U_SPLY, U_SPLY, U_SPLY, U_SPLY, "
612,"U_BASE, SUPPLY, SUPPLY, SUPPLY, SUPPLY, SUPPLY, TEMPLE, "
742,"U_BASE, SUPPLY, SUPPLY, SUPPLY, "
,"U_BASE, TEMPLE, SUPPLY, U_SPLY, SUPPLY, U_SPLY, "
558,"U_BASE, SUPPLY, SUPPLY, SUPPLY, SUPPLY, SUPPLY, TEMPLE, SUPPLY, U_SPLY, U_SPLY, "
741,"TEMPLE, SUPPLY, SUPPLY, U_BASE, SUPPLY, U_SPLY, U_SPLY, "
628,"TEMPLE, SUPPLY, U_BASE, SUPPLY, U_SPLY, SUPPLY, U_SPLY, SUPPLY, SUPPLY, SUPPLY, U_SPLY, U_SPLY, U_SPLY, "
566,"SUPPLY, SUPPLY, TEMPLE, U_BASE, U_SPLY, SUPPLY, SUPPLY, U_SPLY, SUPPLY, SUPPLY, U_SPLY, U_SPLY, "
,"TEMPLE, U_BASE, SUPPLY, U_SPLY, SUPPLY, SUPPLY, U_SPLY, U_SPLY, SUPPLY, U_SPLY, SUPPLY, U_SPLY, SUPPLY, "
1020,"TEMPLE, SUPPLY, SUPPLY, "
562,"SUPPLY, SUPPLY, U_BASE, SUPPLY, TEMPLE, SUPPLY, SUPPLY, SUPPLY, U_SPLY, U_SPLY, "
632,"SUPPLY, SUPPLY, U_BASE, SUPPLY, SUPPLY, "
621,"TEMPLE, SUPPLY, SUPPLY, U_SPLY, SUPPLY, SUPPLY, U_SPLY, U_SPLY, "
617,"SUPPLY, SUPPLY, U_BASE, TEMPLE, SUPPLY, U_SPLY, SUPPLY, SUPPLY, "
547,"SUPPLY, TEMPLE, SUPPLY, SUPPLY, U_SPLY, SUPPLY, U_BASE, U_SPLY, SUPPLY, U_SPLY, U_SPLY, U_SPLY, SUPPLY, U_SPLY, "
,"TEMPLE, U_BASE, SUPPLY, U_SPLY, SUPPLY, U_SPLY, SUPPLY, U_SPLY, SUPPLY, "
628,"TEMPLE, SUPPLY, U_SPLY, U_BASE, SUPPLY, SUPPLY, U_SPLY, U_SPLY, SUPPLY, U_SPLY, SUPPLY, SUPPLY, U_SPLY, U_SPLY, "
,"TEMPLE, U_BASE, SUPPLY, U_SPLY, SUPPLY, SUPPLY, U_SPLY, "
609,"TEMPLE, SUPPLY, SUPPLY, U_SPLY, U_SPLY, SUPPLY, U_SPLY, U_BASE, SUPPLY, SUPPLY, SUPPLY, "
551,"SUPPLY, SUPPLY, SUPPLY, TEMPLE, SUPPLY, U_SPLY, U_SPLY, U_BASE, SUPPLY, SUPPLY, U_SPLY, "
555,"SUPPLY, U_BASE, SUPPLY, TEMPLE, SUPPLY, SUPPLY, U_SPLY, U_SPLY, U_SPLY, SUPPLY, SUPPLY, U_SPLY, U_SPLY, U_SPLY, "
538,"SUPPLY, SUPPLY, SUPPLY, TEMPLE, U_BASE, U_SPLY, SUPPLY, SUPPLY, SUPPLY, U_SPLY, U_SPLY, U_SPLY, U_SPLY, U_SPLY, "
611,"SUPPLY, SUPPLY, SUPPLY, U_BASE, TEMPLE, U_SPLY, U_SPLY, U_SPLY, SUPPLY, "
549,"SUPPLY, SUPPLY, SUPPLY, SUPPLY, TEMPLE, U_BASE, U_SPLY, U_SPLY, SUPPLY, U_SPLY, SUPPLY, "
633,"U_BASE, SUPPLY, SUPPLY, SUPPLY, SUPPLY, "
618,"SUPPLY, TEMPLE, U_BASE, U_SPLY, SUPPLY, SUPPLY, SUPPLY, SUPPLY, U_SPLY, U_SPLY, U_SPLY, U_SPLY, SUPPLY, "
800,"TEMPLE, SUPPLY, U_BASE, U_SPLY, SUPPLY, SUPPLY, U_SPLY, "
552,"U_BASE, SUPPLY, SUPPLY, SUPPLY, SUPPLY, SUPPLY, TEMPLE, U_SPLY, SUPPLY, U_SPLY, U_SPLY, "
643,"TEMPLE, SUPPLY, U_BASE, SUPPLY, U_SPLY, SUPPLY, U_SPLY, U_SPLY, SUPPLY, SUPPLY, SUPPLY, "
612,"TEMPLE, SUPPLY, U_SPLY, SUPPLY, SUPPLY, U_SPLY, U_SPLY, SUPPLY, U_BASE, U_SPLY, SUPPLY, U_SPLY, "
921,"SUPPLY, SUPPLY, TEMPLE, U_BASE, U_SPLY, "
1722,"SUPPLY, TEMPLE, "
638,"SUPPLY, TEMPLE, SUPPLY, U_SPLY, U_SPLY, SUPPLY, U_BASE, SUPPLY, U_SPLY, "
546,"SUPPLY, U_BASE, SUPPLY, SUPPLY, TEMPLE, U_SPLY, SUPPLY, U_SPLY, SUPPLY, U_SPLY, SUPPLY, U_SPLY, "
599,"SUPPLY, TEMPLE, SUPPLY, U_SPLY, SUPPLY, SUPPLY, U_BASE, U_SPLY, U_SPLY, U_SPLY, "
1697,"U_BASE, SUPPLY, "
651,"U_BASE, SUPPLY, TEMPLE, U_SPLY, SUPPLY, SUPPLY, SUPPLY, SUPPLY, SUPPLY, "
565,"SUPPLY, SUPPLY, SUPPLY, U_BASE, SUPPLY, SUPPLY, SUPPLY, TEMPLE, U_SPLY, "
1044,"SUPPLY, SUPPLY, U_BASE, TEMPLE, "
974,"U_BASE, SUPPLY, SUPPLY, "
599,"SUPPLY, SUPPLY, TEMPLE, SUPPLY, U_SPLY, U_SPLY, SUPPLY, "
616,"SUPPLY, U_BASE, TEMPLE, U_SPLY, SUPPLY, SUPPLY, U_SPLY, SUPPLY, U_SPLY, SUPPLY, U_SPLY, SUPPLY, U_SPLY, "
621,"TEMPLE, SUPPLY, SUPPLY, SUPPLY, U_SPLY, SUPPLY, U_SPLY, U_SPLY, "
921,"SUPPLY, SUPPLY, U_BASE, TEMPLE, U_SPLY, "
638,"SUPPLY, TEMPLE, U_BASE, U_SPLY, SUPPLY, SUPPLY, SUPPLY, SUPPLY, SUPPLY, U_SPLY, "
567,"SUPPLY, SUPPLY, SUPPLY, U_BASE, SUPPLY, SUPPLY, TEMPLE, U_SPLY, SUPPLY, "
598,"SUPPLY, SUPPLY, SUPPLY, SUPPLY, TEMPLE, U_SPLY, U_SPLY, "
556,"SUPPLY, U_BASE, SUPPLY, TEMPLE, SUPPLY, U_SPLY, SUPPLY, U_SPLY, SUPPLY, U_SPLY, U_SPLY, SUPPLY, U_SPLY, "
593,"TEMPLE, SUPPLY, U_SPLY, SUPPLY, U_SPLY, SUPPLY, U_BASE, U_SPLY, SUPPLY, SUPPLY, SUPPLY, U_SPLY, "
544,"SUPPLY, SUPPLY, SUPPLY, SUPPLY, TEMPLE, U_SPLY, U_SPLY, U_SPLY, U_BASE, SUPPLY, U_SPLY, SUPPLY, "
703,"TEMPLE, SUPPLY, SUPPLY, U_BASE, U_SPLY, SUPPLY, SUPPLY, "
626,"SUPPLY, SUPPLY, SUPPLY, TEMPLE, U_SPLY, SUPPLY, U_SPLY, U_BASE, "
1020,"TEMPLE, SUPPLY, SUPPLY, U_SPLY, "
718,"SUPPLY, TEMPLE, U_SPLY, SUPPLY, U_SPLY, U_BASE, SUPPLY, U_SPLY, "
611,"SUPPLY, SUPPLY, U_BASE, SUPPLY, SUPPLY, SUPPLY, TEMPLE, "
741,"SUPPLY, SUPPLY, SUPPLY, U_BASE, "
544,"SUPPLY, SUPPLY, U_BASE, SUPPLY, SUPPLY, SUPPLY, SUPPLY, TEMPLE, U_SPLY, U_SPLY, U_SPLY, U_SPLY, U_SPLY, "
623,"U_BASE, SUPPLY, TEMPLE, U_SPLY, SUPPLY, U_SPLY, SUPPLY, U_SPLY, SUPPLY, SUPPLY, SUPPLY, U_SPLY, U_SPLY, U_SPLY, "
543,"U_BASE, SUPPLY, SUPPLY, SUPPLY, SUPPLY, TEMPLE, U_SPLY, U_SPLY, U_SPLY, U_SPLY, SUPPLY, SUPPLY, U_SPLY, U_SPLY, "
570,"SUPPLY, SUPPLY, TEMPLE, U_SPLY, U_BASE, U_SPLY, SUPPLY, U_SPLY, SUPPLY, U_SPLY, SUPPLY, U_SPLY, SUPPLY, U_SPLY, "
662,"SUPPLY, TEMPLE, SUPPLY, SUPPLY, SUPPLY, "
1381,"U_BASE, SUPPLY, TEMPLE, U_SPLY, "
700,"SUPPLY, SUPPLY, TEMPLE, U_SPLY, U_SPLY, SUPPLY, U_BASE, "
539,"SUPPLY, SUPPLY, SUPPLY, U_BASE, TEMPLE, SUPPLY, SUPPLY, U_SPLY, U_SPLY, U_SPLY, U_SPLY, U_SPLY, SUPPLY, U_SPLY, "
,"TEMPLE, U_BASE, SUPPLY, U_SPLY, SUPPLY, U_SPLY, SUPPLY, SUPPLY, U_SPLY, U_SPLY, SUPPLY, U_SPLY, SUPPLY, U_SPLY, "
588,"SUPPLY, SUPPLY, TEMPLE, SUPPLY, SUPPLY, U_SPLY, U_SPLY, U_SPLY, U_BASE, U_SPLY, "
783,"TEMPLE, SUPPLY, U_SPLY, SUPPLY, SUPPLY, "
700,"SUPPLY, SUPPLY, SUPPLY, "
574,"SUPPLY, SUPPLY, TEMPLE, U_BASE, U_SPLY, U_SPLY, SUPPLY, U_SPLY, SUPPLY, SUPPLY, SUPPLY, U_SPLY, "
833,"SUPPLY, TEMPLE, U_SPLY, SUPPLY, U_BASE, U_SPLY, "
,"TEMPLE, U_BASE, SUPPLY, U_SPLY, SUPPLY, "
599,"SUPPLY, SUPPLY, SUPPLY, SUPPLY, "
581,"SUPPLY, TEMPLE, SUPPLY, SUPPLY, SUPPLY, U_SPLY, U_BASE, SUPPLY, SUPPLY, "
625,"TEMPLE, SUPPLY, SUPPLY, U_SPLY, U_BASE, U_SPLY, SUPPLY, U_SPLY, SUPPLY, U_SPLY, SUPPLY, "
673,"SUPPLY, SUPPLY, TEMPLE, U_BASE, SUPPLY, U_SPLY, U_SPLY, U_SPLY, "
565,"SUPPLY, U_BASE, SUPPLY, SUPPLY, SUPPLY, SUPPLY, SUPPLY, TEMPLE, U_SPLY, "
634,"SUPPLY, TEMPLE, SUPPLY, SUPPLY, SUPPLY, U_SPLY, "
756,"SUPPLY, SUPPLY, U_BASE, TEMPLE, SUPPLY, U_SPLY, "
629,"TEMPLE, SUPPLY, U_SPLY, SUPPLY, U_SPLY, U_BASE, SUPPLY, U_SPLY, SUPPLY, SUPPLY, U_SPLY, "
565,"SUPPLY, SUPPLY, SUPPLY, SUPPLY, U_BASE, SUPPLY, SUPPLY, TEMPLE, U_SPLY, "
790,"SUPPLY, TEMPLE, U_SPLY, U_BASE, SUPPLY, SUPPLY, "
544,"SUPPLY, SUPPLY, U_BASE, SUPPLY, SUPPLY, SUPPLY, TEMPLE, U_SPLY, U_SPLY, SUPPLY, U_SPLY, U_SPLY, "
564,"SUPPLY, SUPPLY, TEMPLE, U_SPLY, SUPPLY, U_SPLY, U_SPLY, SUPPLY, U_SPLY, "
597,"U_BASE, SUPPLY, SUPPLY, SUPPLY, SUPPLY, SUPPLY, TEMPLE, U_SPLY, "
672,"TEMPLE, SUPPLY, U_SPLY, U_BASE, SUPPLY, U_SPLY, SUPPLY, SUPPLY, U_SPLY, SUPPLY, "
585,"SUPPLY, SUPPLY, SUPPLY, SUPPLY, TEMPLE, U_SPLY, U_BASE, U_SPLY, SUPPLY, "
1696,"SUPPLY, U_BASE, "
752,"SUPPLY, TEMPLE, U_SPLY, SUPPLY, U_SPLY, SUPPLY, U_SPLY, U_BASE, "
608,"SUPPLY, TEMPLE, U_SPLY, SUPPLY, U_SPLY, SUPPLY, U_SPLY, SUPPLY, U_BASE, SUPPLY, "
562,"SUPPLY, SUPPLY, SUPPLY, TEMPLE, U_SPLY, SUPPLY, U_SPLY, U_BASE, U_SPLY, U_SPLY, SUPPLY, "
,"U_BASE, TEMPLE, SUPPLY, U_SPLY, SUPPLY, "
654,"U_BASE, SUPPLY, SUPPLY, TEMPLE, U_SPLY, U_SPLY, SUPPLY, SUPPLY, "
,"U_BASE, TEMPLE, SUPPLY, U_SPLY, SUPPLY, U_SPLY, SUPPLY, U_SPLY, SUPPLY, U_SPLY, SUPPLY, SUPPLY, "
,"U_BASE, TEMPLE, SUPPLY, SUPPLY, U_SPLY, SUPPLY, U_SPLY, U_SPLY, SUPPLY, "
654,"TEMPLE, SUPPLY, U_BASE, U_SPLY, SUPPLY, U_SPLY, SUPPLY, U_SPLY, SUPPLY, U_SPLY, SUPPLY, SUPPLY, U_SPLY, "
,"U_BASE, TEMPLE, SUPPLY, U_SPLY, SUPPLY, U_SPLY, SUPPLY, SUPPLY, U_SPLY, "
,"TEMPLE, U_BASE, SUPPLY, U_SPLY, SUPPLY, SUPPLY, "
672,"U_BASE, SUPPLY, SUPPLY, TEMPLE, U_SPLY, SUPPLY, SUPPLY, "
559,"SUPPLY, U_BASE, SUPPLY, TEMPLE, SUPPLY, SUPPLY, SUPPLY, U_SPLY, U_SPLY, U_SPLY, U_SPLY, SUPPLY, U_SPLY, "
843,"U_BASE, SUPPLY, TEMPLE, SUPPLY, SUPPLY, "
559,"SUPPLY, SUPPLY, TEMPLE, U_SPLY, SUPPLY, U_BASE, U_SPLY, U_SPLY, SUPPLY, SUPPLY, SUPPLY, U_SPLY, "
669,"SUPPLY, TEMPLE, SUPPLY, SUPPLY, SUPPLY, U_BASE, U_SPLY, "
632,"SUPPLY, U_BASE, SUPPLY, SUPPLY, SUPPLY, "
621,"TEMPLE, SUPPLY, U_BASE, SUPPLY, SUPPLY, U_SPLY, SUPPLY, U_SPLY, U_SPLY, U_SPLY, SUPPLY, SUPPLY, U_SPLY, "
587,"TEMPLE, SUPPLY, U_SPLY, SUPPLY, SUPPLY, U_BASE, SUPPLY, SUPPLY, SUPPLY, U_SPLY, U_SPLY, "
,"U_BASE, TEMPLE, SUPPLY, SUPPLY, SUPPLY, "
819,"TEMPLE, SUPPLY, U_SPLY, U_BASE, SUPPLY, SUPPLY, U_SPLY, "
844,"TEMPLE, SUPPLY, U_BASE, U_SPLY, SUPPLY, SUPPLY, "
680,"TEMPLE, SUPPLY, U_BASE, U_SPLY, SUPPLY, SUPPLY, SUPPLY, U_SPLY, SUPPLY, U_SPLY, "
,"TEMPLE, U_BASE, SUPPLY, U_SPLY, SUPPLY, SUPPLY, U_SPLY, SUPPLY, U_SPLY, U_SPLY, SUPPLY, SUPPLY, U_SPLY, U_SPLY, "
557,"SUPPLY, SUPPLY, U_BASE, TEMPLE, U_SPLY, SUPPLY, SUPPLY, U_SPLY, SUPPLY, U_SPLY, U_SPLY, U_SPLY, SUPPLY, U_SPLY, "
555,"SUPPLY, SUPPLY, U_BASE, SUPPLY, TEMPLE, U_SPLY, U_SPLY, U_SPLY, SUPPLY, U_SPLY, SUPPLY, U_SPLY, SUPPLY, "
560,"SUPPLY, U_BASE, SUPPLY, SUPPLY, SUPPLY, TEMPLE, SUPPLY, U_SPLY, U_SPLY, U_SPLY, U_SPLY, "
664,"TEMPLE, SUPPLY, U_BASE, U_SPLY, SUPPLY, SUPPLY, SUPPLY, U_SPLY, U_SPLY, U_SPLY, SUPPLY, U_SPLY, "
807,"SUPPLY, SUPPLY, U_BASE, TEMPLE, SUPPLY, "
793,"U_BASE, SUPPLY, SUPPLY, SUPPLY, TEMPLE, "
575,"SUPPLY, U_BASE, SUPPLY, SUPPLY, SUPPLY, SUPPLY, "
632,"SUPPLY, SUPPLY, SUPPLY, SUPPLY, U_BASE, "
574,"SUPPLY, SUPPLY, U_BASE, TEMPLE, U_SPLY, U_SPLY, SUPPLY, U_SPLY, SUPPLY, SUPPLY, SUPPLY, U_SPLY, "
642,"SUPPLY, U_BASE, TEMPLE, U_SPLY, SUPPLY, U_SPLY, SUPPLY, SUPPLY, U_SPLY, U_SPLY, SUPPLY, "
583,"SUPPLY, SUPPLY, SUPPLY, SUPPLY, U_BASE, TEMPLE, SUPPLY, U_SPLY, U_SPLY, "
748,"SUPPLY, TEMPLE, U_SPLY, U_BASE, SUPPLY, U_SPLY, SUPPLY, "
,"U_BASE, TEMPLE, SUPPLY, U_SPLY, SUPPLY, U_SPLY, SUPPLY, SUPPLY, U_SPLY, U_SPLY, SUPPLY, U_SPLY, SUPPLY, U_SPLY, "
593,"SUPPLY, TEMPLE, U_SPLY, SUPPLY, SUPPLY, SUPPLY, U_BASE, SUPPLY, U_SPLY, "
667,"SUPPLY, SUPPLY, TEMPLE, U_SPLY, U_SPLY, SUPPLY, "
552,"U_BASE, SUPPLY, SUPPLY, SUPPLY, SUPPLY, SUPPLY, TEMPLE, SUPPLY, U_SPLY, U_SPLY, U_SPLY, "
579,"TEMPLE, SUPPLY, U_SPLY, SUPPLY, SUPPLY, U_BASE, U_SPLY, SUPPLY, U_SPLY, U_SPLY, SUPPLY, SUPPLY, U_SPLY, "
,"TEMPLE, U_BASE, SUPPLY, SUPPLY, U_SPLY, U_SPLY, SUPPLY, U_SPLY, "
637,"U_BASE, SUPPLY, TEMPLE, U_SPLY, SUPPLY, SUPPLY, U_SPLY, SUPPLY, SUPPLY, SUPPLY, "
,"U_BASE, TEMPLE, SUPPLY, U_SPLY, SUPPLY, U_SPLY, SUPPLY, U_SPLY, "
551,"SUPPLY, U_BASE, SUPPLY, SUPPLY, SUPPLY, TEMPLE, U_SPLY, U_SPLY, U_SPLY, SUPPLY, SUPPLY, "
588,"SUPPLY, SUPPLY, TEMPLE, SUPPLY, U_SPLY, U_SPLY, U_SPLY, SUPPLY, U_BASE, U_SPLY, "
,"TEMPLE, U_BASE, SUPPLY, U_SPLY, SUPPLY, U_SPLY, SUPPLY, SUPPLY, "
758,"SUPPLY, U_BASE, SUPPLY, TEMPLE, U_SPLY, SUPPLY, "
619,"TEMPLE, SUPPLY, U_SPLY, SUPPLY, U_SPLY, SUPPLY, U_BASE, U_SPLY, SUPPLY, U_SPLY, SUPPLY, "
571,"SUPPLY, SUPPLY, TEMPLE, U_SPLY, U_BASE, U_SPLY, SUPPLY, SUPPLY, SUPPLY, SUPPLY, U_SPLY, U_SPLY, "
,"U_BASE, TEMPLE, SUPPLY, SUPPLY, U_SPLY, SUPPLY, SUPPLY, "
537,"SUPPLY, U_BASE, SUPPLY, SUPPLY, TEMPLE, U_SPLY, SUPPLY, U_SPLY, SUPPLY, SUPPLY, U_SPLY, U_SPLY, U_SPLY, U_SPLY, "
618,"TEMPLE, SUPPLY, U_SPLY, U_BASE, SUPPLY, SUPPLY, SUPPLY, U_SPLY, U_SPLY, SUPPLY, U_SPLY, U_SPLY, SUPPLY, U_SPLY, "
1076,"TEMPLE, SUPPLY, SUPPLY, U_BASE, "
552,"SUPPLY, SUPPLY, SUPPLY, SUPPLY, TEMPLE, U_SPLY, U_SPLY, U_SPLY, U_BASE, SUPPLY, SUPPLY, "
617,"SUPPLY, TEMPLE, U_BASE, SUPPLY, SUPPLY, U_SPLY, SUPPLY, SUPPLY, SUPPLY, "
654,"U_BASE, SUPPLY, SUPPLY, SUPPLY, TEMPLE, U_SPLY, SUPPLY, "
1825,"U_BASE, SUPPLY, TEMPLE, "
584,"SUPPLY, SUPPLY, SUPPLY, SUPPLY, U_BASE, TEMPLE, U_SPLY, SUPPLY, U_SPLY, "
792,"SUPPLY, SUPPLY, U_BASE, SUPPLY, TEMPLE, "
685,"TEMPLE, SUPPLY, U_SPLY, SUPPLY, SUPPLY, U_SPLY, U_BASE, U_SPLY, SUPPLY, "
,"U_BASE, TEMPLE, SUPPLY, U_SPLY, SUPPLY, U_SPLY, SUPPLY, U_SPLY, SUPPLY, U_SPLY, SUPPLY, U_SPLY, SUPPLY, U_SPLY, "
654,"SUPPLY, SUPPLY, TEMPLE, SUPPLY, SUPPLY, "
573,"SUPPLY, TEMPLE, SUPPLY, U_SPLY, U_BASE, SUPPLY, U_SPLY, U_SPLY, SUPPLY, U_SPLY, SUPPLY, U_SPLY, SUPPLY, U_SPLY, "
,"U_BASE, TEMPLE, SUPPLY, U_SPLY, SUPPLY, U_SPLY, SUPPLY, U_SPLY, SUPPLY, U_SPLY, "
586,"TEMPLE, SUPPLY, U_SPLY, SUPPLY, SUPPLY, U_SPLY, U_BASE, U_SPLY, SUPPLY, U_SPLY, SUPPLY, SUPPLY, U_SPLY, U_SPLY, "
546,"SUPPLY, SUPPLY, U_BASE, SUPPLY, SUPPLY, TEMPLE, U_SPLY, U_SPLY, U_SPLY, U_SPLY, SUPPLY, SUPPLY, "
660,"TEMPLE, SUPPLY, SUPPLY, SUPPLY, U_SPLY, U_BASE, U_SPLY, SUPPLY, U_SPLY, "
551,"SUPPLY, SUPPLY, SUPPLY, SUPPLY, U_BASE, SUPPLY, TEMPLE, SUPPLY, U_SPLY, U_SPLY, U_SPLY, "
751,"SUPPLY, SUPPLY, SUPPLY, TEMPLE, "
563,"SUPPLY, SUPPLY, TEMPLE, U_SPLY, SUPPLY, SUPPLY, U_SPLY, U_SPLY, U_SPLY, "
,"U_BASE, TEMPLE, SUPPLY, SUPPLY, U_SPLY, U_SPLY, SUPPLY, U_SPLY, SUPPLY, U_SPLY, SUPPLY, SUPPLY, "
759,"U_BASE, SUPPLY, SUPPLY, TEMPLE, U_SPLY, SUPPLY, "
,"TEMPLE, U_BASE, SUPPLY, U_SPLY, SUPPLY, SUPPLY, U_SPLY, U_SPLY, SUPPLY, SUPPLY, U_SPLY, SUPPLY, "
561,"SUPPLY, SUPPLY, U_BASE, SUPPLY, SUPPLY, TEMPLE, U_SPLY, U_SPLY, U_SPLY, SUPPLY, U_SPLY, "
697,"SUPPLY, U_BASE, SUPPLY, TEMPLE, SUPPLY, SUPPLY, "
,"TEMPLE, U_BASE, SUPPLY, SUPPLY, U_SPLY, U_SPLY, SUPPLY, U_SPLY, SUPPLY, U_SPLY, SUPPLY, SUPPLY, U_SPLY, U_SPLY, "
664,"U_BASE, SUPPLY, TEMPLE, SUPPLY, U_SPLY, SUPPLY, U_SPLY, U_SPLY, SUPPLY, "
679,"TEMPLE, SUPPLY, U_SPLY, SUPPLY, U_BASE, U_SPLY, SUPPLY, U_SPLY, SUPPLY, "
586,"SUPPLY, SUPPLY, SUPPLY, SUPPLY, TEMPLE, U_SPLY, U_SPLY, U_SPLY, U_SPLY, U_BASE, "
540,"SUPPLY, SUPPLY, U_BASE, SUPPLY, SUPPLY, SUPPLY, SUPPLY, "
611,"SUPPLY, U_BASE, SUPPLY, SUPPLY, SUPPLY, SUPPLY, TEMPLE, "
922,"U_BASE, SUPPLY, SUPPLY, TEMPLE, U_SPLY, "
562,"SUPPLY, SUPPLY, SUPPLY, SUPPLY, U_BASE, TEMPLE, U_SPLY, U_SPLY, U_SPLY, U_SPLY, SUPPLY, "
,"TEMPLE, U_BASE, SUPPLY, SUPPLY, U_SPLY, "
705,"TEMPLE, SUPPLY, SUPPLY, U_BASE, SUPPLY, U_SPLY, U_SPLY, U_SPLY, "
718,"SUPPLY, SUPPLY, U_BASE, TEMPLE, U_SPLY, U_SPLY, SUPPLY, "
824,"TEMPLE, SUPPLY, U_SPLY, U_BASE, SUPPLY, U_SPLY, SUPPLY, "
534,"SUPPLY, SUPPLY, U_BASE, SUPPLY, SUPPLY, TEMPLE, SUPPLY, U_SPLY, U_SPLY, U_SPLY, U_SPLY, U_SPLY, SUPPLY, U_SPLY, "
550,"SUPPLY, U_BASE, SUPPLY, SUPPLY, SUPPLY, TEMPLE, U_SPLY, SUPPLY, SUPPLY, U_SPLY, U_SPLY, "
539,"SUPPLY, SUPPLY, SUPPLY, U_BASE, SUPPLY, SUPPLY, TEMPLE, SUPPLY, U_SPLY, U_SPLY, U_SPLY, U_SPLY, U_SPLY, "
633,"SUPPLY, TEMPLE, SUPPLY, SUPPLY, U_SPLY, SUPPLY, "
640,"TEMPLE, SUPPLY, U_SPLY, U_BASE, SUPPLY, U_SPLY, SUPPLY, SUPPLY, SUPPLY, SUPPLY, U_SPLY, U_SPLY, "
636,"TEMPLE, SUPPLY, U_BASE, SUPPLY, SUPPLY, SUPPLY, U_SPLY, U_SPLY, SUPPLY, SUPPLY, "
,"U_BASE, TEMPLE, SUPPLY, SUPPLY, U_SPLY, SUPPLY, SUPPLY, U_SPLY, "
790,"TEMPLE, SUPPLY, U_SPLY, SUPPLY, U_BASE, U_SPLY, SUPPLY, "
553,"SUPPLY, SUPPLY, SUPPLY, SUPPLY, U_BASE, SUPPLY, SUPPLY, TEMPLE, U_SPLY, U_SPLY, U_SPLY, "
549,"SUPPLY, SUPPLY, SUPPLY, TEMPLE, U_SPLY, U_SPLY, U_BASE, U_SPLY, SUPPLY, U_SPLY, SUPPLY, SUPPLY, U_SPLY, "
602,"SUPPLY, SUPPLY, TEMPLE, U_SPLY, U_SPLY, SUPPLY, SUPPLY, "
620,"SUPPLY, TEMPLE, SUPPLY, U_SPLY, SUPPLY, U_BASE, U_SPLY, U_SPLY, SUPPLY, "
561,"SUPPLY, SUPPLY, SUPPLY, SUPPLY, TEMPLE, U_SPLY, U_SPLY, U_BASE, U_SPLY, SUPPLY, U_SPLY, "
,"U_BASE, TEMPLE, SUPPLY, SUPPLY, SUPPLY, U_SPLY, SUPPLY, U_SPLY, SUPPLY, SUPPLY, "
645,"SUPPLY, TEMPLE, SUPPLY, U_BASE, U_SPLY, U_SPLY, SUPPLY, U_SPLY, SUPPLY, "
546,"SUPPLY, U_BASE, SUPPLY, SUPPLY, TEMPLE, U_SPLY, U_SPLY, SUPPLY, U_SPLY, SUPPLY, U_SPLY, U_SPLY, SUPPLY, U_SPLY, "
,"TEMPLE, U_BASE, SUPPLY, SUPPLY, "
,"U_BASE, TEMPLE, "
559,"SUPPLY, SUPPLY, SUPPLY, U_BASE, TEMPLE, U_SPLY, U_SPLY, SUPPLY, SUPPLY, SUPPLY, U_SPLY, "
614,"SUPPLY, U_BASE, TEMPLE, SUPPLY, SUPPLY, SUPPLY, U_SPLY, U_SPLY, U_SPLY, U_SPLY, SUPPLY, "
,"U_BASE, TEMPLE, SUPPLY, U_SPLY, "
,"TEMPLE, U_BASE, SUPPLY, SUPPLY, SUPPLY, U_SPLY, U_SPLY, U_SPLY, SUPPLY, U_SPLY, SUPPLY, SUPPLY, U_SPLY, U_SPLY, "
569,"SUPPLY, SUPPLY, TEMPLE, U_BASE, SUPPLY, SUPPLY, SUPPLY, U_SPLY, U_SPLY, SUPPLY, "
598,"SUPPLY, SUPPLY, SUPPLY, TEMPLE, U_SPLY, U_SPLY, SUPPLY, "
566,"SUPPLY, TEMPLE, U_SPLY, SUPPLY, U_BASE, SUPPLY, SUPPLY, U_SPLY, U_SPLY, U_SPLY, SUPPLY, SUPPLY, U_SPLY, U_SPLY, "
563,"SUPPLY, TEMPLE, SUPPLY, SUPPLY, U_SPLY, U_BASE, U_SPLY, SUPPLY, SUPPLY, SUPPLY, U_SPLY, U_SPLY, "
551,"U_BASE, SUPPLY, SUPPLY, SUPPLY, SUPPLY, TEMPLE, SUPPLY, U_SPLY, SUPPLY, U_SPLY, U_SPLY, "
,"TEMPLE, U_BASE, SUPPLY, SUPPLY, SUPPLY, U_SPLY, U_SPLY, U_SPLY, SUPPLY, U_SPLY, SUPPLY, SUPPLY, "
560,"U_BASE, SUPPLY, SUPPLY, TEMPLE, SUPPLY, SUPPLY, SUPPLY, U_SPLY, U_SPLY, SUPPLY, U_SPLY, U_SPLY, U_SPLY, "
791,"SUPPLY, U_BASE, TEMPLE, SUPPLY, SUPPLY, U_SPLY, "
715,"SUPPLY, TEMPLE, U_SPLY, SUPPLY, U_SPLY, SUPPLY, "
556,"SUPPLY, SUPPLY, SUPPLY, TEMPLE, U_SPLY, SUPPLY, U_SPLY, U_BASE, U_SPLY, U_SPLY, SUPPLY, U_SPLY, "
882,"SUPPLY, U_BASE, TEMPLE, U_SPLY, SUPPLY, U_SPLY, "
973,"SUPPLY, U_BASE, SUPPLY, "
607,"TEMPLE, SUPPLY, SUPPLY, U_BASE, U_SPLY, U_SPLY, SUPPLY, SUPPLY, SUPPLY, SUPPLY, U_SPLY, U_SPLY, "
653,"SUPPLY, SUPPLY, TEMPLE, U_BASE, U_SPLY, U_SPLY, SUPPLY, SUPPLY, "
,"U_BASE, TEMPLE, SUPPLY, U_SPLY, SUPPLY, U_SPLY, SUPPLY, SUPPLY, U_SPLY, U_SPLY, SUPPLY, "
611,"SUPPLY, TEMPLE, U_SPLY, U_BASE, SUPPLY, U_SPLY, SUPPLY, SUPPLY, U_SPLY, SUPPLY, SUPPLY, "
638,"TEMPLE, SUPPLY, SUPPLY, U_BASE, SUPPLY, U_SPLY, U_SPLY, U_SPLY, SUPPLY, U_SPLY, "
644,"SUPPLY, SUPPLY, U_BASE, TEMPLE, SUPPLY, U_SPLY, SUPPLY, U_SPLY, "
681,"TEMPLE, SUPPLY, U_BASE, U_SPLY, SUPPLY, SUPPLY, U_SPLY, U_SPLY, SUPPLY, SUPPLY, "
625,"U_BASE, SUPPLY, TEMPLE, U_SPLY, SUPPLY, SUPPLY, U_SPLY, U_SPLY, SUPPLY, SUPPLY, U_SPLY, SUPPLY, "
541,"SUPPLY, SUPPLY, SUPPLY, U_BASE, TEMPLE, U_SPLY, SUPPLY, U_SPLY, SUPPLY, U_SPLY, SUPPLY, U_SPLY, U_SPLY, "
563,"U_BASE, SUPPLY, SUPPLY, TEMPLE, SUPPLY, SUPPLY, U_SPLY, U_SPLY, SUPPLY, U_SPLY, SUPPLY, U_SPLY, "
598,"SUPPLY, U_BASE, SUPPLY, SUPPLY, SUPPLY, TEMPLE, U_SPLY, SUPPLY, "
598,"SUPPLY, U_BASE, SUPPLY, SUPPLY, SUPPLY, TEMPLE, SUPPLY, U_SPLY, "
,"U_BASE, TEMPLE, SUPPLY, U_SPLY, SUPPLY, SUPPLY, U_SPLY, "
627,"TEMPLE, SUPPLY, SUPPLY, SUPPLY, SUPPLY, U_SPLY, U_SPLY, U_BASE, U_SPLY, "
714,"TEMPLE, SUPPLY, U_BASE, U_SPLY, SUPPLY, U_SPLY, SUPPLY, U_SPLY, SUPPLY, "
774,"TEMPLE, SUPPLY, SUPPLY, U_SPLY, SUPPLY, U_BASE, U_SPLY, "
587,"TEMPLE, SUPPLY, SUPPLY, U_BASE, SUPPLY, U_SPLY, U_SPLY, SUPPLY, U_SPLY, SUPPLY, U_SPLY, U_SPLY, SUPPLY, "
555,"U_BASE, SUPPLY, SUPPLY, SUPPLY, TEMPLE, U_SPLY, SUPPLY, U_SPLY, U_SPLY, SUPPLY, SUPPLY, "
673,"TEMPLE, SUPPLY, U_SPLY, SUPPLY, U_SPLY, SUPPLY, SUPPLY, U_SPLY, U_SPLY, "
1110,"TEMPLE, SUPPLY, U_BASE, SUPPLY, "
783,"TEMPLE, SUPPLY, SUPPLY, SUPPLY, U_SPLY, "
602,"TEMPLE, SUPPLY, U_SPLY, SUPPLY, U_SPLY, U_BASE, SUPPLY, U_SPLY, SUPPLY, SUPPLY, U_SPLY, U_SPLY, SUPPLY, "
569,"SUPPLY, SUPPLY, SUPPLY, TEMPLE, U_SPLY, U_SPLY, SUPPLY, U_SPLY, U_BASE, SUPPLY, "
620,"SUPPLY, TEMPLE, U_SPLY, U_BASE, SUPPLY, U_SPLY, SUPPLY, U_SPLY, SUPPLY, U_SPLY, SUPPLY, U_SPLY, "
792,"SUPPLY, SUPPLY, SUPPLY, TEMPLE, U_BASE, "
,"TEMPLE, U_BASE, SUPPLY, SUPPLY, SUPPLY, SUPPLY, SUPPLY, SUPPLY, U_SPLY, U_SPLY, "
606,"TEMPLE, SUPPLY, U_SPLY, SUPPLY, U_BASE, U_SPLY, SUPPLY, U_SPLY, SUPPLY, U_SPLY, SUPPLY, U_SPLY, SUPPLY, "
551,"SUPPLY, SUPPLY, SUPPLY, TEMPLE, U_SPLY, U_BASE, U_SPLY, U_SPLY, SUPPLY, U_SPLY, SUPPLY, SUPPLY, U_SPLY, "
741,"SUPPLY, U_BASE, SUPPLY, SUPPLY, "
663,"SUPPLY, SUPPLY, SUPPLY, TEMPLE, U_SPLY, U_BASE, U_SPLY, U_SPLY, "
600,"SUPPLY, TEMPLE, U_SPLY, U_BASE, SUPPLY, U_SPLY, SUPPLY, U_SPLY, SUPPLY, SUPPLY, SUPPLY, U_SPLY, U_SPLY, U_SPLY, "
,"U_BASE, TEMPLE, SUPPLY, U_SPLY, SUPPLY, SUPPLY, SUPPLY, U_SPLY, U_SPLY, SUPPLY, U_SPLY, "
570,"SUPPLY, SUPPLY, U_BASE, TEMPLE, U_SPLY, SUPPLY, U_SPLY, U_SPLY, SUPPLY, SUPPLY, SUPPLY, U_SPLY, "
783,"TEMPLE, SUPPLY, SUPPLY, U_SPLY, U_SPLY, SUPPLY, U_SPLY, "
539,"U_BASE, SUPPLY, SUPPLY, SUPPLY, SUPPLY, TEMPLE, SUPPLY, SUPPLY, U_SPLY, U_SPLY, U_SPLY, U_SPLY, U_SPLY, "
541,"SUPPLY, SUPPLY, SUPPLY, TEMPLE, U_BASE, U_SPLY, SUPPLY, U_SPLY, SUPPLY, U_SPLY, SUPPLY, U_SPLY, U_SPLY, "
,"U_BASE, TEMPLE, SUPPLY, U_SPLY, SUPPLY, SUPPLY, U_SPLY, SUPPLY, "
598,"SUPPLY, SUPPLY, U_BASE, SUPPLY, SUPPLY, TEMPLE, SUPPLY, U_SPLY, "
555,"SUPPLY, SUPPLY, U_BASE, SUPPLY, TEMPLE, U_SPLY, U_SPLY, U_SPLY, SUPPLY, U_SPLY, SUPPLY, U_SPLY, SUPPLY, U_SPLY, "
664,"SUPPLY, TEMPLE, U_BASE, SUPPLY, U_SPLY, U_SPLY, SUPPLY, SUPPLY, U_SPLY, "
589,"SUPPLY, SUPPLY, U_BASE, TEMPLE, SUPPLY, U_SPLY, SUPPLY, U_SPLY, U_SPLY, SUPPLY, "
973,"SUPPLY, U_BASE, TEMPLE, U_SPLY, SUPPLY, "
662,"TEMPLE, SUPPLY, SUPPLY, SUPPLY, U_BASE, U_SPLY, U_SPLY, SUPPLY, "
550,"U_BASE, SUPPLY, SUPPLY, SUPPLY, SUPPLY, TEMPLE, SUPPLY, U_SPLY, U_SPLY, U_SPLY, SUPPLY, "
673,"TEMPLE, SUPPLY, SUPPLY, U_SPLY, U_SPLY, SUPPLY, SUPPLY, "
562,"SUPPLY, SUPPLY, SUPPLY, TEMPLE, U_SPLY, U_SPLY, U_SPLY, SUPPLY, U_SPLY, "
626,"SUPPLY, U_BASE, TEMPLE, U_SPLY, SUPPLY, U_SPLY, SUPPLY, U_SPLY, SUPPLY, U_SPLY, SUPPLY, SUPPLY, "
687,"SUPPLY, SUPPLY, TEMPLE, SUPPLY, SUPPLY, U_BASE, "
562,"U_BASE, SUPPLY, SUPPLY, SUPPLY, TEMPLE, SUPPLY, U_SPLY, SUPPLY, SUPPLY, U_SPLY, "
573,"U_BASE, SUPPLY, SUPPLY, SUPPLY, SUPPLY, SUPPLY, SUPPLY, TEMPLE, "
602,"SUPPLY, TEMPLE, U_SPLY, U_BASE, SUPPLY, SUPPLY, U_SPLY, U_SPLY, SUPPLY, SUPPLY, U_SPLY, SUPPLY, "
,"U_BASE, TEMPLE, SUPPLY, SUPPLY, U_SPLY, SUPPLY, SUPPLY, U_SPLY, U_SPLY, SUPPLY, U_SPLY, "
660,"SUPPLY, TEMPLE, U_SPLY, U_BASE, SUPPLY, U_SPLY, SUPPLY, SUPPLY, U_SPLY, "
565,"TEMPLE, SUPPLY, SUPPLY, SUPPLY, SUPPLY, U_SPLY, U_SPLY, U_BASE, U_SPLY, U_SPLY, SUPPLY, U_SPLY, SUPPLY, "
700,"U_BASE, SUPPLY, SUPPLY, SUPPLY, TEMPLE, U_SPLY, U_SPLY, "
645,"SUPPLY, TEMPLE, SUPPLY, U_BASE, U_SPLY, U_SPLY, SUPPLY, SUPPLY, U_SPLY, "
,"U_BASE, TEMPLE, SUPPLY, U_SPLY, SUPPLY, U_SPLY, SUPPLY, U_SPLY, SUPPLY, SUPPLY, U_SPLY, U_SPLY, SUPPLY, U_SPLY, "
673,"TEMPLE, SUPPLY, SUPPLY, U_SPLY, SUPPLY, U_SPLY, U_SPLY, SUPPLY, U_SPLY, "
583,"SUPPLY, TEMPLE, U_SPLY, SUPPLY, SUPPLY, SUPPLY, U_SPLY, U_SPLY, "
625,"U_BASE, SUPPLY, TEMPLE, U_SPLY, SUPPLY, SUPPLY, U_SPLY, U_SPLY, SUPPLY, U_SPLY, SUPPLY, SUPPLY, "
1856,"TEMPLE, SUPPLY, U_BASE, "
640,"TEMPLE, SUPPLY, U_SPLY, U_BASE, SUPPLY, U_SPLY, SUPPLY, U_SPLY, SUPPLY, U_SPLY, SUPPLY, U_SPLY, SUPPLY, U_SPLY, "
,"U_BASE, TEMPLE, SUPPLY, U_SPLY, SUPPLY, SUPPLY, U_SPLY, U_SPLY, SUPPLY, U_SPLY, SUPPLY, SUPPLY, "
1005,"TEMPLE, SUPPLY, U_BASE, U_SPLY, SUPPLY, "
645,"TEMPLE, SUPPLY, U_SPLY, SUPPLY, SUPPLY, SUPPLY, U_SPLY, "
572,"U_BASE, SUPPLY, SUPPLY, SUPPLY, TEMPLE, U_SPLY, U_SPLY, U_SPLY, SUPPLY, SUPPLY, U_SPLY, "
596,"SUPPLY, TEMPLE, U_SPLY, SUPPLY, U_SPLY, U_BASE, SUPPLY, U_SPLY, SUPPLY, SUPPLY, U_SPLY, "
769,"U_BASE, SUPPLY, TEMPLE, U_SPLY, SUPPLY, SUPPLY, U_SPLY, "
1358,"SUPPLY, TEMPLE, U_SPLY, U_BASE, "
771,"SUPPLY, TEMPLE, SUPPLY, SUPPLY, "
559,"SUPPLY, TEMPLE, SUPPLY, U_SPLY, SUPPLY, U_SPLY, SUPPLY, U_SPLY, U_SPLY, U_BASE, SUPPLY, U_SPLY, "
541,"SUPPLY, SUPPLY, TEMPLE, SUPPLY, U_SPLY, U_SPLY, U_SPLY, SUPPLY, U_BASE, U_SPLY, SUPPLY, U_SPLY, SUPPLY, "
630,"SUPPLY, TEMPLE, U_SPLY, SUPPLY, U_SPLY, SUPPLY, U_SPLY, SUPPLY, U_SPLY, "
619,"U_BASE, SUPPLY, SUPPLY, TEMPLE, SUPPLY, SUPPLY, U_SPLY, SUPPLY, "
653,"SUPPLY, SUPPLY, SUPPLY, U_BASE, TEMPLE, SUPPLY, U_SPLY, "
834,"TEMPLE, SUPPLY, SUPPLY, U_SPLY, U_SPLY, U_BASE, SUPPLY, "
,"U_BASE, TEMPLE, SUPPLY, SUPPLY, SUPPLY, SUPPLY, "
577,"U_BASE, SUPPLY, SUPPLY, TEMPLE, SUPPLY, U_SPLY, SUPPLY, U_SPLY, SUPPLY, SUPPLY, "
558,"U_BASE, SUPPLY, SUPPLY, SUPPLY, TEMPLE, SUPPLY, SUPPLY, U_SPLY, U_SPLY, U_SPLY, U_SPLY, U_SPLY, "
673,"TEMPLE, SUPPLY, U_SPLY, SUPPLY, SUPPLY, U_SPLY, U_SPLY, SUPPLY, "
630,"U_BASE, SUPPLY, SUPPLY, SUPPLY, TEMPLE, SUPPLY, U_SPLY, U_SPLY, "
609,"SUPPLY, SUPPLY, TEMPLE, U_SPLY, SUPPLY, U_SPLY, U_BASE, SUPPLY, U_SPLY, "
570,"SUPPLY, SUPPLY, U_BASE, TEMPLE, U_SPLY, U_SPLY, SUPPLY, U_SPLY, SUPPLY, U_SPLY, SUPPLY, SUPPLY, U_SPLY, U_SPLY, "
544,"U_BASE, SUPPLY, SUPPLY, SUPPLY, SUPPLY, TEMPLE, SUPPLY, SUPPLY, U_SPLY, U_SPLY, U_SPLY, U_SPLY, "
683,"U_BASE, SUPPLY, TEMPLE, U_SPLY, SUPPLY, U_SPLY, SUPPLY, SUPPLY, U_SPLY, "
561,"SUPPLY, SUPPLY, TEMPLE, U_SPLY, SUPPLY, U_SPLY, SUPPLY, U_SPLY, U_BASE, SUPPLY, U_SPLY, "
,"U_BASE, TEMPLE, SUPPLY, U_SPLY, SUPPLY, SUPPLY, U_SPLY, U_SPLY, SUPPLY, U_SPLY, SUPPLY, "
550,"SUPPLY, SUPPLY, SUPPLY, SUPPLY, U_BASE, TEMPLE, U_SPLY, SUPPLY, U_SPLY, SUPPLY, U_SPLY, "
619,"TEMPLE, SUPPLY, U_SPLY, SUPPLY, U_BASE, SUPPLY, U_SPLY, U_SPLY, SUPPLY, U_SPLY, SUPPLY, "
574,"SUPPLY, U_BASE, SUPPLY, TEMPLE, U_SPLY, U_SPLY, SUPPLY, SUPPLY, U_SPLY, U_SPLY, SUPPLY, U_SPLY, SUPPLY, U_SPLY, "
,"U_BASE, TEMPLE, SUPPLY, SUPPLY, U_SPLY, U_SPLY, SUPPLY, SUPPLY, SUPPLY, U_SPLY, SUPPLY, U_SPLY, U_SPLY, U_SPLY, "
551,"SUPPLY, SUPPLY, SUPPLY, SUPPLY, U_BASE, SUPPLY, TEMPLE, U_SPLY, SUPPLY, U_SPLY, U_SPLY, "
,"U_BASE, TEMPLE, SUPPLY, SUPPLY, U_SPLY, U_SPLY, SUPPLY, U_SPLY, SUPPLY, U_SPLY, SUPPLY, U_SPLY, SUPPLY, U_SPLY, "
1020,"TEMPLE, SUPPLY, U_SPLY, SUPPLY, U_SPLY, "
771,"U_BASE, SUPPLY, TEMPLE, U_SPLY, SUPPLY, U_SPLY, SUPPLY, "
673,"TEMPLE, SUPPLY, SUPPLY, U_SPLY, U_SPLY, SUPPLY, U_SPLY, SUPPLY, "
558,"SUPPLY, U_BASE, SUPPLY, TEMPLE, SUPPLY, U_SPLY, SUPPLY, U_SPLY, U_SPLY, SUPPLY, SUPPLY, U_SPLY, U_SPLY, "
586,"TEMPLE, SUPPLY, U_SPLY, SUPPLY, U_BASE, SUPPLY, SUPPLY, SUPPLY, U_SPLY, U_SPLY, SUPPLY, U_SPLY, U_SPLY, "
1002,"SUPPLY, TEMPLE, SUPPLY, "
558,"SUPPLY, SUPPLY, U_BASE, SUPPLY, SUPPLY, SUPPLY, SUPPLY, TEMPLE, U_SPLY, U_SPLY, "
,"TEMPLE, U_BASE, SUPPLY, U_SPLY, SUPPLY, U_SPLY, SUPPLY, U_SPLY, "
,"TEMPLE, U_BASE, SUPPLY, U_SPLY, SUPPLY, U_SPLY, SUPPLY, SUPPLY, SUPPLY, "
642,"TEMPLE, SUPPLY, SUPPLY, SUPPLY, U_BASE, U_SPLY, U_SPLY, U_SPLY, SUPPLY, "
621,"SUPPLY, TEMPLE, U_SPLY, U_BASE, SUPPLY, U_SPLY, SUPPLY, SUPPLY, SUPPLY, U_SPLY, U_SPLY, U_SPLY, "
870,"SUPPLY, SUPPLY, TEMPLE, U_SPLY, "
768,"SUPPLY, TEMPLE, U_BASE, U_SPLY, SUPPLY, SUPPLY, U_SPLY, "
,"TEMPLE, U_BASE, SUPPLY, SUPPLY, U_SPLY, SUPPLY, U_SPLY, "
622,"SUPPLY, SUPPLY, SUPPLY, TEMPLE, SUPPLY, U_SPLY, "
559,"SUPPLY, SUPPLY, SUPPLY, TEMPLE, SUPPLY, U_SPLY, U_SPLY, U_SPLY, U_SPLY, U_BASE, SUPPLY, "
569,"SUPPLY, TEMPLE, U_SPLY, SUPPLY, SUPPLY, U_SPLY, U_SPLY, SUPPLY, U_SPLY, "
570,"SUPPLY, TEMPLE, SUPPLY, U_SPLY, SUPPLY, U_BASE, SUPPLY, SUPPLY, SUPPLY, U_SPLY, "
679,"TEMPLE, SUPPLY, U_SPLY, SUPPLY, U_SPLY, SUPPLY, U_SPLY, SUPPLY, U_BASE, U_SPLY, "
560,"SUPPLY, SUPPLY, U_BASE, SUPPLY, SUPPLY, TEMPLE, SUPPLY, U_SPLY, U_SPLY, U_SPLY, U_SPLY, "
,"TEMPLE, U_BASE, SUPPLY, U_SPLY, SUPPLY, SUPPLY, U_SPLY, U_SPLY, SUPPLY, "
742,"SUPPLY, U_BASE, SUPPLY, SUPPLY, TEMPLE, U_SPLY, "
,"TEMPLE, U_BASE, SUPPLY, SUPPLY, U_SPLY, U_SPLY, SUPPLY, SUPPLY, SUPPLY, SUPPLY, U_SPLY, U_SPLY, U_SPLY, "
592,"SUPPLY, SUPPLY, U_BASE, SUPPLY, TEMPLE, SUPPLY, U_SPLY, U_SPLY, U_SPLY, U_SPLY, "
540,"U_BASE, SUPPLY, SUPPLY, SUPPLY, TEMPLE, SUPPLY, U_SPLY, U_SPLY, U_SPLY, SUPPLY, U_SPLY, U_SPLY, SUPPLY, U_SPLY, "
760,"SUPPLY, SUPPLY, TEMPLE, SUPPLY, "
596,"SUPPLY, TEMPLE, U_SPLY, SUPPLY, U_SPLY, U_BASE, SUPPLY, U_SPLY, SUPPLY, U_SPLY, SUPPLY, U_SPLY, "
554,"SUPPLY, SUPPLY, SUPPLY, U_BASE, TEMPLE, U_SPLY, SUPPLY, SUPPLY, SUPPLY, U_SPLY, U_SPLY, "
641,"SUPPLY, SUPPLY, TEMPLE, U_BASE, SUPPLY, U_SPLY, U_SPLY, SUPPLY, "
590,"SUPPLY, U_BASE, SUPPLY, TEMPLE, U_SPLY, U_SPLY, SUPPLY, U_SPLY, SUPPLY, U_SPLY, SUPPLY, "
,"TEMPLE, U_BASE, SUPPLY, U_SPLY, "
749,"TEMPLE, SUPPLY, U_BASE, SUPPLY, U_SPLY, U_SPLY, SUPPLY, U_SPLY, "
559,"U_BASE, SUPPLY, SUPPLY, SUPPLY, SUPPLY, SUPPLY, SUPPLY, TEMPLE, U_SPLY, U_SPLY, "
,"TEMPLE, U_BASE, SUPPLY, SUPPLY, U_SPLY, U_SPLY, SUPPLY, U_SPLY, SUPPLY, SUPPLY, U_SPLY, SUPPLY, U_SPLY, "
554,"SUPPLY, SUPPLY, SUPPLY, TEMPLE, U_BASE, U_SPLY, U_SPLY, U_SPLY, SUPPLY, U_SPLY, SUPPLY, SUPPLY, "
721,"SUPPLY, TEMPLE, U_SPLY, SUPPLY, U_BASE, U_SPLY, SUPPLY, "
555,"SUPPLY, SUPPLY, SUPPLY, U_BASE, TEMPLE, U_SPLY, U_SPLY, U_SPLY, SUPPLY, U_SPLY, SUPPLY, U_SPLY, SUPPLY, "
1076,"TEMPLE, SUPPLY, SUPPLY, U_SPLY, U_BASE, "
547,"SUPPLY, U_BASE, SUPPLY, SUPPLY, TEMPLE, SUPPLY, SUPPLY, U_SPLY, U_SPLY, SUPPLY, U_SPLY, U_SPLY, "
565,"SUPPLY, SUPPLY, SUPPLY, TEMPLE, U_BASE, U_SPLY, SUPPLY, U_SPLY, U_SPLY, U_SPLY, SUPPLY, "
,"U_BASE, TEMPLE, SUPPLY, U_SPLY, SUPPLY, U_SPLY, SUPPLY, U_SPLY, SUPPLY, U_SPLY, SUPPLY, SUPPLY, U_SPLY, "
1044,"SUPPLY, SUPPLY, TEMPLE, U_BASE, "
678,"SUPPLY, U_BASE, TEMPLE, U_SPLY, SUPPLY, SUPPLY, SUPPLY, SUPPLY, "
,"TEMPLE, U_BASE, SUPPLY, U_SPLY, SUPPLY, U_SPLY, "
672,"SUPPLY, SUPPLY, TEMPLE, U_SPLY, U_SPLY, U_BASE, SUPPLY, U_SPLY, "
1856,"TEMPLE, SUPPLY, U_SPLY, U_BASE, "
876,"SUPPLY, TEMPLE, SUPPLY, U_SPLY, "
665,"SUPPLY, SUPPLY, SUPPLY, TEMPLE, U_SPLY, U_SPLY, "
553,"SUPPLY, U_BASE, SUPPLY, SUPPLY, TEMPLE, U_SPLY, SUPPLY, U_SPLY, SUPPLY, U_SPLY, SUPPLY, "
611,"SUPPLY, SUPPLY, SUPPLY, SUPPLY, U_BASE, SUPPLY, TEMPLE, "
629,"SUPPLY, SUPPLY, SUPPLY, TEMPLE, U_SPLY, U_SPLY, U_BASE, SUPPLY, "
553,"SUPPLY, SUPPLY, SUPPLY, U_BASE, SUPPLY, SUPPLY, SUPPLY, TEMPLE, U_SPLY, U_SPLY, U_SPLY, "
774,"TEMPLE, SUPPLY, U_SPLY, SUPPLY, U_SPLY, SUPPLY, U_BASE, U_SPLY, "
,"TEMPLE, U_BASE, SUPPLY, SUPPLY, SUPPLY, U_SPLY, U_SPLY, SUPPLY, SUPPLY, "
718,"SUPPLY, U_BASE, SUPPLY, TEMPLE, U_SPLY, U_SPLY, SUPPLY, "
600,"SUPPLY, SUPPLY, TEMPLE, SUPPLY, U_SPLY, SUPPLY, U_SPLY, "
682,"SUPPLY, U_BASE, TEMPLE, U_SPLY, SUPPLY, U_SPLY, SUPPLY, U_SPLY, SUPPLY, "
608,"U_BASE, SUPPLY, TEMPLE, SUPPLY, U_SPLY, U_SPLY, SUPPLY, U_SPLY, SUPPLY, SUPPLY, SUPPLY, U_SPLY, U_SPLY, U_SPLY, "
649,"SUPPLY, U_BASE, TEMPLE, SUPPLY, U_SPLY, SUPPLY, U_SPLY, U_SPLY, SUPPLY, U_SPLY, "
633,"TEMPLE, SUPPLY, U_SPLY, U_BASE, SUPPLY, U_SPLY, SUPPLY, U_SPLY, SUPPLY, U_SPLY, SUPPLY, SUPPLY, U_SPLY, "
,"U_BASE, TEMPLE, SUPPLY, U_SPLY, SUPPLY, SUPPLY, U_SPLY, U_SPLY, SUPPLY, SUPPLY, U_SPLY, U_SPLY, "
652,"U_BASE, SUPPLY, TEMPLE, U_SPLY, SUPPLY, U_SPLY, SUPPLY, SUPPLY, U_SPLY, SUPPLY, "
547,"SUPPLY, SUPPLY, SUPPLY, SUPPLY, U_BASE, SUPPLY, SUPPLY, TEMPLE, U_SPLY, U_SPLY, U_SPLY, U_SPLY, "
573,"U_BASE, SUPPLY, SUPPLY, TEMPLE, SUPPLY, U_SPLY, U_SPLY, SUPPLY, SUPPLY, SUPPLY, U_SPLY, "
656,"TEMPLE, SUPPLY, U_BASE, SUPPLY, U_SPLY, U_SPLY, SUPPLY, SUPPLY, U_SPLY, U_SPLY, SUPPLY, U_SPLY, "
623,"TEMPLE, SUPPLY, U_BASE, SUPPLY, SUPPLY, U_SPLY, SUPPLY, SUPPLY, SUPPLY, U_SPLY, U_SPLY, U_SPLY, "
808,"U_BASE, SUPPLY, SUPPLY, TEMPLE, SUPPLY, "
830,"SUPPLY, U_BASE, SUPPLY, TEMPLE, U_SPLY, U_SPLY, "
595,"TEMPLE, SUPPLY, U_SPLY, SUPPLY, U_SPLY, U_BASE, SUPPLY, SUPPLY, SUPPLY, SUPPLY, U_SPLY, U_SPLY, U_SPLY, "
550,"SUPPLY, SUPPLY, SUPPLY, SUPPLY, TEMPLE, U_BASE, SUPPLY, U_SPLY, U_SPLY, SUPPLY, U_SPLY, "
626,"SUPPLY, U_BASE, TEMPLE, U_SPLY, SUPPLY, U_SPLY, SUPPLY, SUPPLY, U_SPLY, SUPPLY, U_SPLY, U_SPLY, SUPPLY, "
692,"TEMPLE, SUPPLY, U_SPLY, U_BASE, SUPPLY, U_SPLY, SUPPLY, U_SPLY, SUPPLY, U_SPLY, "
547,"SUPPLY, SUPPLY, TEMPLE, SUPPLY, U_SPLY, U_SPLY, U_BASE, SUPPLY, U_SPLY, U_SPLY, SUPPLY, U_SPLY, SUPPLY, U_SPLY, "
,"TEMPLE, U_BASE, SUPPLY, U_SPLY, SUPPLY, SUPPLY, SUPPLY, SUPPLY, SUPPLY, U_SPLY, U_SPLY, U_SPLY, "
548,"U_BASE, SUPPLY, SUPPLY, SUPPLY, TEMPLE, U_SPLY, SUPPLY, U_SPLY, U_SPLY, SUPPLY, U_SPLY, SUPPLY, "
558,"U_BASE, SUPPLY, SUPPLY, SUPPLY, SUPPLY, SUPPLY, TEMPLE, U_SPLY, SUPPLY, U_SPLY, "
563,"SUPPLY, SUPPLY, TEMPLE, SUPPLY, U_BASE, U_SPLY, U_SPLY, U_SPLY, SUPPLY, U_SPLY, SUPPLY, U_SPLY, SUPPLY, "
584,"SUPPLY, SUPPLY, SUPPLY, U_BASE, SUPPLY, TEMPLE, U_SPLY, SUPPLY, U_SPLY, "
547,"SUPPLY, SUPPLY, U_BASE, SUPPLY, TEMPLE, U_SPLY, U_SPLY, SUPPLY, U_SPLY, U_SPLY, SUPPLY, U_SPLY, SUPPLY, U_SPLY, "
538,"SUPPLY, SUPPLY, U_BASE, SUPPLY, SUPPLY, TEMPLE, U_SPLY, SUPPLY, U_SPLY, U_SPLY, U_SPLY, SUPPLY, U_SPLY, "
1285,"SUPPLY, TEMPLE, U_SPLY, "
585,"SUPPLY, TEMPLE, SUPPLY, U_SPLY, U_BASE, U_SPLY, SUPPLY, SUPPLY, SUPPLY, SUPPLY, U_SPLY, "
710,"SUPPLY, SUPPLY, TEMPLE, U_SPLY, SUPPLY, "
783,"TEMPLE, SUPPLY, SUPPLY, SUPPLY, U_SPLY, U_SPLY, U_SPLY, "
619,"SUPPLY, U_BASE, TEMPLE, SUPPLY, SUPPLY, U_SPLY, U_SPLY, U_SPLY, SUPPLY, U_SPLY, SUPPLY, "
558,"SUPPLY, SUPPLY, SUPPLY, SUPPLY, U_BASE, SUPPLY, SUPPLY, TEMPLE, U_SPLY, U_SPLY, "
669,"SUPPLY, SUPPLY, U_BASE, TEMPLE, SUPPLY, SUPPLY, U_SPLY, "
561,"U_BASE, SUPPLY, SUPPLY, TEMPLE, SUPPLY, U_SPLY, SUPPLY, U_SPLY, U_SPLY, U_SPLY, SUPPLY, SUPPLY, U_SPLY, U_SPLY, "
570,"SUPPLY, SUPPLY, U_BASE, SUPPLY, SUPPLY, TEMPLE, SUPPLY, U_SPLY, U_SPLY, U_SPLY, "
1380,"SUPPLY, U_BASE, TEMPLE, U_SPLY, "
611,"SUPPLY, SUPPLY, U_BASE, TEMPLE, SUPPLY, U_SPLY, U_SPLY, U_SPLY, SUPPLY, U_SPLY, "
715,"SUPPLY, TEMPLE, U_SPLY, SUPPLY, SUPPLY, "
781,"TEMPLE, SUPPLY, U_SPLY, U_BASE, SUPPLY, U_SPLY, SUPPLY, U_SPLY, "
535,"SUPPLY, U_BASE, SUPPLY, SUPPLY, SUPPLY, TEMPLE, U_SPLY, SUPPLY, U_SPLY, U_SPLY, U_SPLY, U_SPLY, SUPPLY, U_SPLY, "
783,"TEMPLE, SUPPLY, SUPPLY, SUPPLY, "
,"TEMPLE, U_BASE, SUPPLY, SUPPLY, SUPPLY, "
807,"SUPPLY, U_BASE, SUPPLY, TEMPLE, SUPPLY, "
575,"U_BASE, SUPPLY, SUPPLY, TEMPLE, U_SPLY, U_SPLY, SUPPLY, U_SPLY, SUPPLY, SUPPLY, U_SPLY, U_SPLY, SUPPLY, U_SPLY, "
,"U_BASE, TEMPLE, SUPPLY, U_SPLY, SUPPLY, U_SPLY, SUPPLY, U_SPLY, SUPPLY, SUPPLY, U_SPLY, U_SPLY, "
,"TEMPLE, U_BASE, SUPPLY, U_SPLY, SUPPLY, SUPPLY, U_SPLY, U_SPLY, SUPPLY, U_SPLY, SUPPLY, SUPPLY, U_SPLY, U_SPLY, "
639,"U_BASE, SUPPLY, SUPPLY, TEMPLE, SUPPLY, SUPPLY, SUPPLY, "
567,"SUPPLY, SUPPLY, TEMPLE, SUPPLY, SUPPLY, U_BASE, SUPPLY, SUPPLY, U_SPLY, U_SPLY, "
1020,"TEMPLE, SUPPLY, SUPPLY, U_SPLY, U_SPLY, "
,"U_BASE, TEMPLE, SUPPLY, SUPPLY, SUPPLY, U_SPLY, U_SPLY, U_SPLY, SUPPLY, U_SPLY, SUPPLY, SUPPLY, "
1380,"SUPPLY, TEMPLE, U_BASE, U_SPLY, "
595,"SUPPLY, TEMPLE, U_SPLY, U_BASE, SUPPLY, SUPPLY, U_SPLY, SUPPLY, U_SPLY, U_SPLY, SUPPLY, U_SPLY, SUPPLY, U_SPLY, "
877,"SUPPLY, TEMPLE, U_SPLY, SUPPLY, "
671,"SUPPLY, SUPPLY, U_BASE, TEMPLE, U_SPLY, SUPPLY, SUPPLY, "
643,"TEMPLE, SUPPLY, U_SPLY, SUPPLY, U_SPLY, U_BASE, SUPPLY, SUPPLY, SUPPLY, U_SPLY, "
,"U_BASE, TEMPLE, SUPPLY, SUPPLY, U_SPLY, U_SPLY, SUPPLY, "
626,"SUPPLY, TEMPLE, U_BASE, U_SPLY, SUPPLY, U_SPLY, SUPPLY, U_SPLY, SUPPLY, U_SPLY, SUPPLY, U_SPLY, SUPPLY, U_SPLY, "
715,"SUPPLY, TEMPLE, SUPPLY, U_SPLY, U_SPLY, SUPPLY, "
588,"SUPPLY, SUPPLY, U_BASE, TEMPLE, SUPPLY, U_SPLY, SUPPLY, U_SPLY, SUPPLY, U_SPLY, "
587,"SUPPLY, SUPPLY, TEMPLE, SUPPLY, U_SPLY, SUPPLY, U_SPLY, U_SPLY, U_SPLY, U_BASE, "
,"U_BASE, TEMPLE, SUPPLY, SUPPLY, U_SPLY, U_SPLY, "
,"TEMPLE, U_BASE, SUPPLY, U_SPLY, SUPPLY, SUPPLY, SUPPLY, U_SPLY, U_SPLY, "
,"TEMPLE, U_BASE, SUPPLY, SUPPLY, U_SPLY, SUPPLY, SUPPLY, SUPPLY, U_SPLY, SUPPLY, U_SPLY, U_SPLY, U_SPLY, "
551,"SUPPLY, SUPPLY, SUPPLY, SUPPLY, U_BASE, SUPPLY, TEMPLE, U_SPLY, U_SPLY, SUPPLY, U_SPLY, "
543,"SUPPLY, SUPPLY, SUPPLY, TEMPLE, U_SPLY, U_SPLY, SUPPLY, U_SPLY, U_SPLY, U_BASE, SUPPLY, SUPPLY, "
543,"SUPPLY, SUPPLY, SUPPLY, U_BASE, SUPPLY, TEMPLE, U_SPLY, U_SPLY, SUPPLY, SUPPLY, U_SPLY, U_SPLY, "
570,"U_BASE, SUPPLY, SUPPLY, TEMPLE, SUPPLY, U_SPLY, SUPPLY, SUPPLY, SUPPLY, U_SPLY, U_SPLY, "
596,"SUPPLY, TEMPLE, SUPPLY, U_SPLY, U_SPLY, U_BASE, SUPPLY, SUPPLY, SUPPLY, SUPPLY, "
,"TEMPLE, U_BASE, SUPPLY, SUPPLY, U_SPLY, SUPPLY, SUPPLY, U_SPLY, U_SPLY, SUPPLY, U_SPLY, U_SPLY, SUPPLY, "
,"TEMPLE, U_BASE, SUPPLY, U_SPLY, SUPPLY, U_SPLY, SUPPLY, SUPPLY, U_SPLY, SUPPLY, SUPPLY, U_SPLY, U_SPLY, "
627,"U_BASE, SUPPLY, SUPPLY, TEMPLE, U_SPLY, SUPPLY, U_SPLY, U_SPLY, SUPPLY, "
574,"SUPPLY, SUPPLY, U_BASE, TEMPLE, U_SPLY, U_SPLY, SUPPLY, U_SPLY, SUPPLY, U_SPLY, SUPPLY, U_SPLY, SUPPLY, "
634,"U_BASE, SUPPLY, TEMPLE, U_SPLY, SUPPLY, U_SPLY, SUPPLY, U_SPLY, SUPPLY, SUPPLY, SUPPLY, "
639,"TEMPLE, SUPPLY, U_SPLY, U_BASE, SUPPLY, U_SPLY, SUPPLY, SUPPLY, U_SPLY, U_SPLY, SUPPLY, SUPPLY, "
604,"TEMPLE, SUPPLY, SUPPLY, SUPPLY, U_SPLY, U_SPLY, U_BASE, U_SPLY, SUPPLY, SUPPLY, SUPPLY, "
585,"SUPPLY, SUPPLY, TEMPLE, SUPPLY, U_BASE, U_SPLY, U_SPLY, SUPPLY, SUPPLY, U_SPLY, "
607,"U_BASE, SUPPLY, TEMPLE, SUPPLY, SUPPLY, SUPPLY, SUPPLY, U_SPLY, U_SPLY, U_SPLY, U_SPLY, U_SPLY, "
,"U_BASE, TEMPLE, SUPPLY, SUPPLY, SUPPLY, SUPPLY, SUPPLY, U_SPLY, "
591,"U_BASE, SUPPLY, SUPPLY, TEMPLE, U_SPLY, U_SPLY, SUPPLY, U_SPLY, SUPPLY, SUPPLY, U_SPLY, U_SPLY, "
,"TEMPLE, U_BASE, SUPPLY, U_SPLY, SUPPLY, U_SPLY, SUPPLY, U_SPLY, SUPPLY, SUPPLY, U_SPLY, U_SPLY, SUPPLY, "
,"U_BASE, TEMPLE, SUPPLY, U_SPLY, SUPPLY, U_SPLY, SUPPLY, SUPPLY, SUPPLY, SUPPLY, U_SPLY, "
,"U_BASE, TEMPLE, SUPPLY, SUPPLY, SUPPLY, SUPPLY, U_SPLY, U_SPLY, SUPPLY, "
,"TEMPLE, U_BASE, SUPPLY, SUPPLY, U_SPLY, U_SPLY, SUPPLY, U_SPLY, SUPPLY, "
591,"SUPPLY, U_BASE, SUPPLY, TEMPLE, U_SPLY, U_SPLY, SUPPLY, SUPPLY, SUPPLY, U_SPLY, U_SPLY, "
673,"TEMPLE, SUPPLY, U_SPLY, SUPPLY, SUPPLY, U_SPLY, SUPPLY, U_SPLY, U_SPLY, "
540,"U_BASE, SUPPLY, SUPPLY, SUPPLY, SUPPLY, SUPPLY, SUPPLY, TEMPLE, U_SPLY, U_SPLY, U_SPLY, U_SPLY, U_SPLY, U_SPLY, "
,"TEMPLE, U_BASE, SUPPLY, U_SPLY, SUPPLY, SUPPLY, U_SPLY, U_SPLY, SUPPLY, U_SPLY, SUPPLY, SUPPLY, U_SPLY, "
574,"SUPPLY, U_BASE, SUPPLY, TEMPLE, SUPPLY, U_SPLY, SUPPLY, U_SPLY, U_SPLY, U_SPLY, SUPPLY, U_SPLY, "
650,"SUPPLY, TEMPLE, U_SPLY, SUPPLY, U_SPLY, U_BASE, SUPPLY, U_SPLY, SUPPLY, "
569,"U_BASE, SUPPLY, SUPPLY, SUPPLY, SUPPLY, TEMPLE, U_SPLY, SUPPLY, SUPPLY, "
603,"SUPPLY, U_BASE, SUPPLY, SUPPLY, TEMPLE, SUPPLY, SUPPLY, U_SPLY, "
,"U_BASE, TEMPLE, SUPPLY, SUPPLY, SUPPLY, SUPPLY, U_SPLY, SUPPLY, U_SPLY, SUPPLY, U_SPLY, "
577,"U_BASE, SUPPLY, SUPPLY, TEMPLE, SUPPLY, U_SPLY, SUPPLY, SUPPLY, U_SPLY, SUPPLY, "
565,"SUPPLY, TEMPLE, SUPPLY, U_SPLY, SUPPLY, U_SPLY, SUPPLY, U_SPLY, U_SPLY, U_BASE, SUPPLY, "
604,"SUPPLY, TEMPLE, U_BASE, SUPPLY, U_SPLY, SUPPLY, U_SPLY, U_SPLY, SUPPLY, U_SPLY, SUPPLY, SUPPLY, "
649,"SUPPLY, SUPPLY, SUPPLY, U_BASE, SUPPLY, TEMPLE, U_SPLY, "
604,"TEMPLE, SUPPLY, U_SPLY, SUPPLY, SUPPLY, U_SPLY, U_SPLY, SUPPLY, U_SPLY, U_BASE, SUPPLY, U_SPLY, SUPPLY, U_SPLY, "
,"U_BASE, TEMPLE, SUPPLY, SUPPLY, SUPPLY, U_SPLY, U_SPLY, U_SPLY, SUPPLY, "
,"TEMPLE, U_BASE, SUPPLY, U_SPLY, SUPPLY, U_SPLY, SUPPLY, U_SPLY, SUPPLY, U_SPLY, "
622,"SUPPLY, SUPPLY, U_BASE, TEMPLE, U_SPLY, SUPPLY, SUPPLY, SUPPLY, "
612,"TEMPLE, SUPPLY, SUPPLY, U_SPLY, U_SPLY, SUPPLY, SUPPLY, U_SPLY, U_BASE, U_SPLY, SUPPLY, U_SPLY, "
626,"SUPPLY, TEMPLE, U_BASE, U_SPLY, SUPPLY, U_SPLY, SUPPLY, SUPPLY, SUPPLY, U_SPLY, U_SPLY, SUPPLY, "
774,"TEMPLE, SUPPLY, U_SPLY, SUPPLY, SUPPLY, U_BASE, U_SPLY, "
845,"SUPPLY, TEMPLE, SUPPLY, U_BASE, U_SPLY, U_SPLY, "
574,"SUPPLY, SUPPLY, U_BASE, TEMPLE, U_SPLY, U_SPLY, SUPPLY, U_SPLY, SUPPLY, U_SPLY, SUPPLY, SUPPLY, "
582,"SUPPLY, SUPPLY, TEMPLE, U_SPLY, U_BASE, SUPPLY, U_SPLY, U_SPLY, SUPPLY, U_SPLY, SUPPLY, "
567,"SUPPLY, SUPPLY, TEMPLE, SUPPLY, U_BASE, SUPPLY, SUPPLY, SUPPLY, U_SPLY, U_SPLY, "
783,"TEMPLE, SUPPLY, U_SPLY, SUPPLY, U_SPLY, SUPPLY, U_SPLY, "
591,"U_BASE, SUPPLY, SUPPLY, TEMPLE, SUPPLY, SUPPLY, SUPPLY, SUPPLY, U_SPLY, "
555,"U_BASE, SUPPLY, SUPPLY, SUPPLY, TEMPLE, SUPPLY, SUPPLY, U_SPLY, SUPPLY, U_SPLY, U_SPLY, "
634,"SUPPLY, U_BASE, TEMPLE, U_SPLY, SUPPLY, U_SPLY, SUPPLY, SUPPLY, SUPPLY, SUPPLY, U_SPLY, "
590,"SUPPLY, SUPPLY, U_BASE, TEMPLE, U_SPLY, U_SPLY, SUPPLY, U_SPLY, SUPPLY, U_SPLY, SUPPLY, "
668,"U_BASE, SUPPLY, TEMPLE, U_SPLY, SUPPLY, U_SPLY, SUPPLY, SUPPLY, SUPPLY, "
574,"SUPPLY, U_BASE, SUPPLY, TEMPLE, U_SPLY, U_SPLY, SUPPLY, U_SPLY, SUPPLY, SUPPLY, U_SPLY, U_SPLY, SUPPLY, "
575,"SUPPLY, U_BASE, SUPPLY, TEMPLE, U_SPLY, U_SPLY, SUPPLY, SUPPLY, SUPPLY, SUPPLY, U_SPLY, U_SPLY, "
641,"SUPPLY, U_BASE, TEMPLE, SUPPLY, SUPPLY, SUPPLY, U_SPLY, U_SPLY, U_SPLY, U_SPLY, "
597,"SUPPLY, U_BASE, SUPPLY, SUPPLY, TEMPLE, U_SPLY, U_SPLY, U_SPLY, SUPPLY, U_SPLY, "
659,"TEMPLE, SUPPLY, U_SPLY, U_BASE, SUPPLY, U_SPLY, SUPPLY, SUPPLY, SUPPLY, U_SPLY, U_SPLY, "
959,"U_BASE, SUPPLY, TEMPLE, SUPPLY, U_SPLY, "
569,"SUPPLY, TEMPLE, SUPPLY, U_SPLY, U_SPLY, U_BASE, SUPPLY, SUPPLY, U_SPLY, SUPPLY, SUPPLY, U_SPLY, U_SPLY, "
552,"SUPPLY, SUPPLY, TEMPLE, SUPPLY, U_BASE, SUPPLY, SUPPLY, U_SPLY, SUPPLY, U_SPLY, U_SPLY, U_SPLY, "
658,"TEMPLE, SUPPLY, U_BASE, U_SPLY, SUPPLY, U_SPLY, SUPPLY, SUPPLY, U_SPLY, U_SPLY, SUPPLY, U_SPLY, SUPPLY, U_SPLY, "
649,"SUPPLY, SUPPLY, SUPPLY, SUPPLY, TEMPLE, U_SPLY, U_BASE, "
576,"U_BASE, SUPPLY, SUPPLY, SUPPLY, SUPPLY, SUPPLY, "
627,"U_BASE, SUPPLY, TEMPLE, U_SPLY, SUPPLY, U_SPLY, SUPPLY, U_SPLY, SUPPLY, U_SPLY, SUPPLY, SUPPLY, "
545,"SUPPLY, SUPPLY, SUPPLY, U_BASE, TEMPLE, SUPPLY, U_SPLY, U_SPLY, SUPPLY, U_SPLY, SUPPLY, U_SPLY, "
770,"SUPPLY, U_BASE, TEMPLE, U_SPLY, SUPPLY, U_SPLY, SUPPLY, "
546,"U_BASE, SUPPLY, SUPPLY, SUPPLY, TEMPLE, SUPPLY, U_SPLY, U_SPLY, U_SPLY, U_SPLY, SUPPLY, U_SPLY, SUPPLY, U_SPLY, "
700,"TEMPLE, SUPPLY, U_BASE, U_SPLY, SUPPLY, U_SPLY, SUPPLY, U_SPLY, SUPPLY, U_SPLY, "
539,"SUPPLY, SUPPLY, U_BASE, SUPPLY, TEMPLE, SUPPLY, U_SPLY, U_SPLY, U_SPLY, SUPPLY, U_SPLY, SUPPLY, U_SPLY, U_SPLY, "
568,"SUPPLY, SUPPLY, SUPPLY, SUPPLY, TEMPLE, U_BASE, SUPPLY, SUPPLY, U_SPLY, "
660,"SUPPLY, TEMPLE, U_SPLY, U_BASE, SUPPLY, U_SPLY, SUPPLY, U_SPLY, SUPPLY, "
653,"SUPPLY, SUPPLY, U_BASE, SUPPLY, TEMPLE, SUPPLY, U_SPLY, "
577,"SUPPLY, TEMPLE, U_SPLY, SUPPLY, U_BASE, U_SPLY, SUPPLY, U_SPLY, SUPPLY, SUPPLY, U_SPLY, U_SPLY, SUPPLY, "
609,"U_BASE, SUPPLY, TEMPLE, SUPPLY, SUPPLY, SUPPLY, U_SPLY, U_SPLY, U_SPLY, U_SPLY, SUPPLY, U_SPLY, "
682,"TEMPLE, SUPPLY, U_BASE, SUPPLY, U_SPLY, U_SPLY, SUPPLY, U_SPLY, SUPPLY, U_SPLY, "
610,"TEMPLE, SUPPLY, U_SPLY, SUPPLY, U_SPLY, SUPPLY, U_SPLY, SUPPLY, U_BASE, SUPPLY, U_SPLY, U_SPLY, "
557,"SUPPLY, SUPPLY, SUPPLY, U_BASE, SUPPLY, SUPPLY, TEMPLE, SUPPLY, U_SPLY, U_SPLY, "
813,"U_BASE, SUPPLY, TEMPLE, U_SPLY, SUPPLY, SUPPLY, "
611,"SUPPLY, TEMPLE, U_SPLY, U_BASE, SUPPLY, U_SPLY, SUPPLY, U_SPLY, SUPPLY, SUPPLY, SUPPLY, "
674,"SUPPLY, SUPPLY, U_BASE, SUPPLY, SUPPLY, TEMPLE, "
,"U_BASE, TEMPLE, SUPPLY, U_SPLY, SUPPLY, SUPPLY, SUPPLY, U_SPLY, SUPPLY, U_SPLY, SUPPLY, U_SPLY, U_SPLY, "
708,"TEMPLE, SUPPLY, U_SPLY, U_BASE, SUPPLY, SUPPLY, U_SPLY, U_SPLY, SUPPLY, "
,"TEMPLE, U_BASE, SUPPLY, SUPPLY, U_SPLY, U_SPLY, SUPPLY, U_SPLY, SUPPLY, U_SPLY, SUPPLY, U_SPLY, SUPPLY, U_SPLY, "
570,"SUPPLY, TEMPLE, U_SPLY, SUPPLY, U_SPLY, U_BASE, SUPPLY, SUPPLY, U_SPLY, SUPPLY, SUPPLY, U_SPLY, U_SPLY, "
783,"TEMPLE, SUPPLY, SUPPLY, U_SPLY, SUPPLY, U_SPLY, U_SPLY, "
,"TEMPLE, U_BASE, SUPPLY, SUPPLY, SUPPLY, U_SPLY, SUPPLY, U_SPLY, U_SPLY, U_SPLY, SUPPLY, U_SPLY, SUPPLY, "
638,"U_BASE, SUPPLY, TEMPLE, U_SPLY, SUPPLY, SUPPLY, U_SPLY, SUPPLY, U_SPLY, SUPPLY, U_SPLY, "
569,"SUPPLY, SUPPLY, TEMPLE, SUPPLY, U_BASE, U_SPLY, U_SPLY, SUPPLY, U_SPLY, U_SPLY, SUPPLY, U_SPLY, "
647,"SUPPLY, U_BASE, TEMPLE, U_SPLY, SUPPLY, SUPPLY, U_SPLY, SUPPLY, U_SPLY, SUPPLY, "
,"TEMPLE, U_BASE, SUPPLY, U_SPLY, SUPPLY, SUPPLY, SUPPLY, U_SPLY, U_SPLY, SUPPLY, "
567,"TEMPLE, SUPPLY, SUPPLY, SUPPLY, U_SPLY, SUPPLY, U_SPLY, U_SPLY, U_SPLY, U_BASE, SUPPLY, U_SPLY, SUPPLY, "
,"TEMPLE, U_BASE, SUPPLY, SUPPLY, SUPPLY, U_SPLY, SUPPLY, SUPPLY, U_SPLY, U_SPLY, U_SPLY, U_SPLY, "
,"TEMPLE, U_BASE, SUPPLY, U_SPLY, SUPPLY, SUPPLY, SUPPLY, SUPPLY, U_SPLY, SUPPLY, U_SPLY, U_SPLY, "
,"TEMPLE, U_BASE, SUPPLY, SUPPLY, U_SPLY, SUPPLY, SUPPLY, SUPPLY, U_SPLY, U_SPLY, U_SPLY, SUPPLY, U_SPLY, U_SPLY, "
615,"SUPPLY, SUPPLY, SUPPLY, SUPPLY, TEMPLE, U_BASE, SUPPLY, "
625,"U_BASE, SUPPLY, TEMPLE, U_SPLY, SUPPLY, SUPPLY, U_SPLY, U_SPLY, SUPPLY, SUPPLY, U_SPLY, U_SPLY, SUPPLY, U_SPLY, "
756,"U_BASE, SUPPLY, TEMPLE, SUPPLY, U_SPLY, U_SPLY, SUPPLY, "
,"U_BASE, TEMPLE, SUPPLY, U_SPLY, SUPPLY, SUPPLY, SUPPLY, U_SPLY, SUPPLY, SUPPLY, U_SPLY, U_SPLY, U_SPLY, "
542,"SUPPLY, U_BASE, SUPPLY, SUPPLY, TEMPLE, U_SPLY, SUPPLY, SUPPLY, U_SPLY, SUPPLY, U_SPLY, U_SPLY, U_SPLY, "
637,"TEMPLE, SUPPLY, U_BASE, SUPPLY, SUPPLY, SUPPLY, SUPPLY, SUPPLY, U_SPLY, U_SPLY, "
,"U_BASE, TEMPLE, SUPPLY, U_SPLY, SUPPLY, U_SPLY, SUPPLY, U_SPLY, SUPPLY, U_SPLY, SUPPLY, U_SPLY, "
708,"TEMPLE, SUPPLY, SUPPLY, SUPPLY, U_SPLY, U_SPLY, U_SPLY, U_BASE, SUPPLY, "
602,"SUPPLY, TEMPLE, U_SPLY, U_BASE, SUPPLY, SUPPLY, U_SPLY, U_SPLY, SUPPLY, U_SPLY, SUPPLY, U_SPLY, SUPPLY, U_SPLY, "
619,"SUPPLY, SUPPLY, U_BASE, TEMPLE, SUPPLY, SUPPLY, SUPPLY, U_SPLY, "
561,"SUPPLY, TEMPLE, U_SPLY, SUPPLY, SUPPLY, SUPPLY, U_SPLY, U_BASE, U_SPLY, SUPPLY, U_SPLY, U_SPLY, "
673,"TEMPLE, SUPPLY, SUPPLY, U_SPLY, U_SPLY, SUPPLY, SUPPLY, U_SPLY, "
776,"TEMPLE, SUPPLY, U_SPLY, U_BASE, SUPPLY, SUPPLY, U_SPLY, U_SPLY, "
,"U_BASE, TEMPLE, SUPPLY, SUPPLY, U_SPLY, U_SPLY, SUPPLY, U_SPLY, SUPPLY, U_SPLY, SUPPLY, SUPPLY, U_SPLY, U_SPLY, "
565,"SUPPLY, SUPPLY, TEMPLE, U_SPLY, U_SPLY, SUPPLY, U_SPLY, SUPPLY, U_SPLY, "
558,"SUPPLY, SUPPLY, SUPPLY, U_BASE, SUPPLY, SUPPLY, SUPPLY, TEMPLE, U_SPLY, U_SPLY, "
,"TEMPLE, U_BASE, SUPPLY, SUPPLY, U_SPLY, SUPPLY, "
556,"SUPPLY, SUPPLY, SUPPLY, SUPPLY, TEMPLE, U_SPLY, U_BASE, U_SPLY, U_SPLY, U_SPLY, SUPPLY, U_SPLY, "
608,"U_BASE, SUPPLY, TEMPLE, SUPPLY, U_SPLY, SUPPLY, U_SPLY, U_SPLY, SUPPLY, SUPPLY, U_SPLY, U_SPLY, SUPPLY, "
653,"SUPPLY, SUPPLY, SUPPLY, U_BASE, TEMPLE, U_SPLY, SUPPLY, "
608,"U_BASE, SUPPLY, SUPPLY, SUPPLY, TEMPLE, U_SPLY, SUPPLY, U_SPLY, U_SPLY, "
651,"SUPPLY, TEMPLE, U_BASE, U_SPLY, SUPPLY, U_SPLY, SUPPLY, SUPPLY, U_SPLY, SUPPLY, "
563,"SUPPLY, U_BASE, SUPPLY, TEMPLE, SUPPLY, SUPPLY, U_SPLY, U_SPLY, U_SPLY, SUPPLY, SUPPLY, U_SPLY, "
656,"SUPPLY, TEMPLE, U_SPLY, SUPPLY, U_BASE, U_SPLY, SUPPLY, SUPPLY, "
783,"TEMPLE, SUPPLY, SUPPLY, U_SPLY, U_SPLY, SUPPLY, "
546,"SUPPLY, SUPPLY, TEMPLE, U_SPLY, SUPPLY, U_SPLY, U_BASE, SUPPLY, SUPPLY, U_SPLY, SUPPLY, U_SPLY, U_SPLY, "
575,"SUPPLY, U_BASE, SUPPLY, TEMPLE, U_SPLY, U_SPLY, SUPPLY, SUPPLY, SUPPLY, U_SPLY, U_SPLY, U_SPLY, SUPPLY, U_SPLY, "
572,"SUPPLY, SUPPLY, SUPPLY, SUPPLY, U_BASE, SUPPLY, SUPPLY, TEMPLE, "
564,"SUPPLY, SUPPLY, U_BASE, TEMPLE, SUPPLY, U_SPLY, U_SPLY, SUPPLY, SUPPLY, U_SPLY, U_SPLY, SUPPLY, "
578,"U_BASE, SUPPLY, SUPPLY, TEMPLE, SUPPLY, U_SPLY, SUPPLY, SUPPLY, SUPPLY, U_SPLY, "
555,"U_BASE, SUPPLY, SUPPLY, SUPPLY, TEMPLE, U_SPLY, SUPPLY, SUPPLY, U_SPLY, SUPPLY, U_SPLY, "
570,"TEMPLE, SUPPLY, U_SPLY, SUPPLY, SUPPLY, SUPPLY, U_SPLY, U_BASE, U_SPLY, U_SPLY, SUPPLY, U_SPLY, SUPPLY, U_SPLY, "
587,"SUPPLY, U_BASE, SUPPLY, SUPPLY, TEMPLE, SUPPLY, U_SPLY, SUPPLY, U_SPLY, "
,"TEMPLE, U_BASE, SUPPLY, U_SPLY, SUPPLY, U_SPLY, SUPPLY, U_SPLY, SUPPLY, U_SPLY, SUPPLY, U_SPLY, SUPPLY, U_SPLY, "
,"U_BASE, TEMPLE, SUPPLY, U_SPLY, SUPPLY, SUPPLY, SUPPLY, U_SPLY, U_SPLY, U_SPLY, SUPPLY, U_SPLY, SUPPLY, "
683,"SUPPLY, SUPPLY, U_BASE, TEMPLE, U_SPLY, U_SPLY, SUPPLY, U_SPLY, "
784,"TEMPLE, SUPPLY, U_SPLY, SUPPLY, U_BASE, SUPPLY, U_SPLY, "
583,"SUPPLY, U_BASE, SUPPLY, TEMPLE, U_SPLY, SUPPLY, SUPPLY, U_SPLY, SUPPLY, U_SPLY, U_SPLY, "
654,"TEMPLE, SUPPLY, U_BASE, U_SPLY, SUPPLY, U_SPLY, SUPPLY, U_SPLY, SUPPLY, SUPPLY, SUPPLY, U_SPLY, U_SPLY, "
618,"TEMPLE, SUPPLY, SUPPLY, U_BASE, U_SPLY, SUPPLY, U_SPLY, U_SPLY, SUPPLY, U_SPLY, SUPPLY, "
667,"SUPPLY, SUPPLY, TEMPLE, U_SPLY, SUPPLY, U_SPLY, "
,"TEMPLE, U_BASE, SUPPLY, U_SPLY, SUPPLY, U_SPLY, SUPPLY, U_SPLY, SUPPLY, U_SPLY, SUPPLY, SUPPLY, "
604,"TEMPLE, SUPPLY, SUPPLY, SUPPLY, U_SPLY, U_SPLY, U_SPLY, SUPPLY, U_BASE, SUPPLY, SUPPLY, "
540,"SUPPLY, SUPPLY, SUPPLY, TEMPLE, U_SPLY, U_SPLY, U_SPLY, SUPPLY, U_BASE, U_SPLY, SUPPLY, U_SPLY, SUPPLY, "
621,"U_BASE, SUPPLY, TEMPLE, SUPPLY, SUPPLY, SUPPLY, U_SPLY, SUPPLY, SUPPLY, "
700,"TEMPLE, SUPPLY, U_BASE, U_SPLY, SUPPLY, U_SPLY, SUPPLY, SUPPLY, U_SPLY, U_SPLY, "
,"U_BASE, TEMPLE, SUPPLY, SUPPLY, U_SPLY, U_SPLY, SUPPLY, SUPPLY, "
619,"SUPPLY, TEMPLE, U_SPLY, SUPPLY, U_BASE, U_SPLY, SUPPLY, U_SPLY, SUPPLY, U_SPLY, "
619,"SUPPLY, SUPPLY, SUPPLY, SUPPLY, TEMPLE, U_SPLY, "
596,"SUPPLY, TEMPLE, SUPPLY, U_SPLY, U_SPLY, U_BASE, SUPPLY, U_SPLY, SUPPLY, U_SPLY, SUPPLY, "
538,"U_BASE, SUPPLY, SUPPLY, SUPPLY, TEMPLE, SUPPLY, U_SPLY, U_SPLY, SUPPLY, U_SPLY, SUPPLY, U_SPLY, U_SPLY, U_SPLY, "
569,"SUPPLY, U_BASE, SUPPLY, TEMPLE, SUPPLY, SUPPLY, U_SPLY, SUPPLY, U_SPLY, U_SPLY, SUPPLY, "
,"U_BASE, TEMPLE, SUPPLY, U_SPLY, SUPPLY, SUPPLY, U_SPLY, U_SPLY, "
539,"SUPPLY, U_BASE, SUPPLY, SUPPLY, SUPPLY, TEMPLE, U_SPLY, SUPPLY, SUPPLY, U_SPLY, U_SPLY, U_SPLY, U_SPLY, "
620,"U_BASE, SUPPLY, TEMPLE, SUPPLY, U_SPLY, SUPPLY, SUPPLY, U_SPLY, U_SPLY, SUPPLY, U_SPLY, "
602,"TEMPLE, SUPPLY, SUPPLY, U_SPLY, U_SPLY, U_BASE, SUPPLY, SUPPLY, SUPPLY, SUPPLY, U_SPLY, U_SPLY, "
643,"TEMPLE, SUPPLY, U_SPLY, SUPPLY, U_SPLY, SUPPLY, SUPPLY, U_SPLY, U_SPLY, U_BASE, SUPPLY, U_SPLY, "
604,"TEMPLE, SUPPLY, U_SPLY, SUPPLY, U_SPLY, SUPPLY, U_SPLY, SUPPLY, U_SPLY, U_BASE, SUPPLY, U_SPLY, SUPPLY, U_SPLY, "
543,"U_BASE, SUPPLY, SUPPLY, SUPPLY, TEMPLE, SUPPLY, U_SPLY, SUPPLY, U_SPLY, U_SPLY, U_SPLY, U_SPLY, SUPPLY, "
647,"TEMPLE, SUPPLY, SUPPLY, U_SPLY, SUPPLY, U_SPLY, U_BASE, SUPPLY, SUPPLY, "
,"TEMPLE, U_BASE, SUPPLY, SUPPLY, SUPPLY, U_SPLY, SUPPLY, U_SPLY, U_SPLY, SUPPLY, U_SPLY, U_SPLY, SUPPLY, "
,"U_BASE, TEMPLE, SUPPLY, SUPPLY, U_SPLY, U_SPLY, SUPPLY, U_SPLY, SUPPLY, "
645,"SUPPLY, TEMPLE, SUPPLY, SUPPLY, U_BASE, SUPPLY, U_SPLY, U_SPLY, "
575,"SUPPLY, TEMPLE, SUPPLY, SUPPLY, U_BASE, U_SPLY, SUPPLY, SUPPLY, U_SPLY, U_SPLY, U_SPLY, U_SPLY, "
,"U_BASE, TEMPLE, SUPPLY, SUPPLY, "
1824,"SUPPLY, TEMPLE, U_BASE, "
558,"SUPPLY, U_BASE, SUPPLY, TEMPLE, SUPPLY, U_SPLY, SUPPLY, SUPPLY, U_SPLY, SUPPLY, U_SPLY, U_SPLY, U_SPLY, "
626,"SUPPLY, SUPPLY, TEMPLE, U_SPLY, SUPPLY, SUPPLY, "
663,"SUPPLY, U_BASE, SUPPLY, SUPPLY, TEMPLE, U_SPLY, U_SPLY, U_SPLY, "
644,"SUPPLY, U_BASE, SUPPLY, TEMPLE, SUPPLY, U_SPLY, SUPPLY, U_SPLY, "
570,"U_BASE, SUPPLY, SUPPLY, TEMPLE, SUPPLY, U_SPLY, SUPPLY, SUPPLY, U_SPLY, SUPPLY, U_SPLY, "
563,"SUPPLY, SUPPLY, SUPPLY, SUPPLY, TEMPLE, U_SPLY, U_SPLY, U_SPLY, U_SPLY, "
562,"SUPPLY, SUPPLY, SUPPLY, SUPPLY, TEMPLE, U_SPLY, U_BASE, U_SPLY, U_SPLY, U_SPLY, SUPPLY, "
616,"U_BASE, SUPPLY, SUPPLY, SUPPLY, SUPPLY, TEMPLE, SUPPLY, "
608,"U_BASE, SUPPLY, SUPPLY, SUPPLY, TEMPLE, SUPPLY, U_SPLY, U_SPLY, U_SPLY, "
935,"SUPPLY, TEMPLE, SUPPLY, U_BASE, U_SPLY, "
625,"TEMPLE, SUPPLY, SUPPLY, SUPPLY, SUPPLY, U_BASE, SUPPLY, U_SPLY, "
,"TEMPLE, U_BASE, SUPPLY, U_SPLY, SUPPLY, SUPPLY, U_SPLY, U_SPLY, SUPPLY, SUPPLY, SUPPLY, "
558,"SUPPLY, TEMPLE, SUPPLY, SUPPLY, SUPPLY, U_SPLY, U_BASE, U_SPLY, U_SPLY, SUPPLY, SUPPLY, U_SPLY, "
,"TEMPLE, U_BASE, SUPPLY, SUPPLY, SUPPLY, U_SPLY, SUPPLY, U_SPLY, SUPPLY, SUPPLY, U_SPLY, U_SPLY, U_SPLY, "
579,"SUPPLY, SUPPLY, TEMPLE, U_SPLY, U_SPLY, SUPPLY, U_SPLY, SUPPLY, "
627,"U_BASE, SUPPLY, TEMPLE, U_SPLY, SUPPLY, U_SPLY, SUPPLY, SUPPLY, U_SPLY, U_SPLY, SUPPLY, U_SPLY, SUPPLY, U_SPLY, "
572,"U_BASE, SUPPLY, SUPPLY, SUPPLY, TEMPLE, U_SPLY, U_SPLY, U_SPLY, SUPPLY, U_SPLY, SUPPLY, U_SPLY, "
571,"U_BASE, SUPPLY, SUPPLY, TEMPLE, U_SPLY, U_SPLY, SUPPLY, SUPPLY, U_SPLY, U_SPLY, SUPPLY, SUPPLY, U_SPLY, "
601,"SUPPLY, TEMPLE, SUPPLY, U_BASE, SUPPLY, U_SPLY, U_SPLY, SUPPLY, SUPPLY, U_SPLY, "
610,"SUPPLY, TEMPLE, SUPPLY, U_BASE, SUPPLY, SUPPLY, U_SPLY, SUPPLY, U_SPLY, "
618,"U_BASE, SUPPLY, TEMPLE, U_SPLY, SUPPLY, SUPPLY, U_SPLY, SUPPLY, U_SPLY, U_SPLY, SUPPLY, SUPPLY, U_SPLY, "
555,"SUPPLY, SUPPLY, SUPPLY, SUPPLY, U_BASE, SUPPLY, TEMPLE, U_SPLY, U_SPLY, U_SPLY, U_SPLY, U_SPLY, "
715,"SUPPLY, SUPPLY, TEMPLE, U_BASE, U_SPLY, SUPPLY, U_SPLY, "
582,"TEMPLE, SUPPLY, SUPPLY, U_SPLY, U_BASE, SUPPLY, SUPPLY, U_SPLY, SUPPLY, SUPPLY, U_SPLY, U_SPLY, U_SPLY, U_SPLY, "
582,"SUPPLY, SUPPLY, TEMPLE, SUPPLY, U_BASE, U_SPLY, SUPPLY, SUPPLY, U_SPLY, U_SPLY, "
,"TEMPLE, U_BASE, SUPPLY, SUPPLY, U_SPLY, SUPPLY, SUPPLY, "
,"TEMPLE, U_BASE, SUPPLY, SUPPLY, U_SPLY, SUPPLY, U_SPLY, SUPPLY, "
573,"U_BASE, SUPPLY, SUPPLY, TEMPLE, SUPPLY, U_SPLY, U_SPLY, SUPPLY, U_SPLY, SUPPLY, SUPPLY, "
757,"U_BASE, SUPPLY, SUPPLY, TEMPLE, SUPPLY, U_SPLY, "
632,"SUPPLY, SUPPLY, TEMPLE, U_SPLY, U_SPLY, SUPPLY, U_BASE, SUPPLY, "
,"U_BASE, TEMPLE, SUPPLY, U_SPLY, SUPPLY, SUPPLY, U_SPLY, SUPPLY, SUPPLY, U_SPLY, SUPPLY, U_SPLY, "
824,"TEMPLE, SUPPLY, SUPPLY, U_SPLY, SUPPLY, U_BASE, "
672,"SUPPLY, TEMPLE, SUPPLY, U_SPLY, SUPPLY, U_SPLY, "
757,"TEMPLE, SUPPLY, U_SPLY, U_BASE, SUPPLY, SUPPLY, SUPPLY, "
566,"SUPPLY, TEMPLE, U_SPLY, SUPPLY, U_BASE, SUPPLY, U_SPLY, SUPPLY, U_SPLY, U_SPLY, SUPPLY, U_SPLY, SUPPLY, "
583,"SUPPLY, U_BASE, SUPPLY, TEMPLE, U_SPLY, U_SPLY, SUPPLY, SUPPLY, SUPPLY, SUPPLY, U_SPLY, "
603,"TEMPLE, SUPPLY, U_SPLY, SUPPLY, U_SPLY, U_BASE, SUPPLY, U_SPLY, SUPPLY, SUPPLY, SUPPLY, U_SPLY, "
,"U_BASE, TEMPLE, SUPPLY, U_SPLY, SUPPLY, U_SPLY, SUPPLY, U_SPLY, SUPPLY, U_SPLY, SUPPLY, U_SPLY, SUPPLY, "
570,"SUPPLY, TEMPLE, SUPPLY, U_BASE, SUPPLY, U_SPLY, SUPPLY, SUPPLY, U_SPLY, U_SPLY, SUPPLY, U_SPLY, "
656,"SUPPLY, SUPPLY, TEMPLE, SUPPLY, SUPPLY, U_SPLY, U_BASE, "
627,"SUPPLY, SUPPLY, TEMPLE, SUPPLY, U_BASE, SUPPLY, SUPPLY, "
563,"U_BASE, SUPPLY, SUPPLY, SUPPLY, SUPPLY, TEMPLE, U_SPLY, U_SPLY, U_SPLY, U_SPLY, SUPPLY, "
633,"TEMPLE, SUPPLY, SUPPLY, U_BASE, SUPPLY, U_SPLY, U_SPLY, SUPPLY, SUPPLY, "
639,"TEMPLE, SUPPLY, SUPPLY, U_SPLY, U_BASE, U_SPLY, SUPPLY, U_SPLY, SUPPLY, SUPPLY, "
610,"SUPPLY, U_BASE, TEMPLE, SUPPLY, SUPPLY, U_SPLY, U_SPLY, U_SPLY, SUPPLY, SUPPLY, SUPPLY, "
569,"SUPPLY, TEMPLE, SUPPLY, U_SPLY, SUPPLY, U_SPLY, U_SPLY, SUPPLY, U_SPLY, "
593,"SUPPLY, TEMPLE, SUPPLY, U_SPLY, U_BASE, U_SPLY, SUPPLY, SUPPLY, U_SPLY, SUPPLY, U_SPLY, U_SPLY, "
812,"SUPPLY, U_BASE, TEMPLE, U_SPLY, SUPPLY, SUPPLY, "
560,"SUPPLY, TEMPLE, SUPPLY, U_SPLY, U_SPLY, SUPPLY, U_SPLY, SUPPLY, U_BASE, U_SPLY, SUPPLY, U_SPLY, SUPPLY, "
597,"TEMPLE, SUPPLY, U_SPLY, SUPPLY, U_SPLY, SUPPLY, U_SPLY, U_BASE, SUPPLY, U_SPLY, SUPPLY, U_SPLY, SUPPLY, "
602,"SUPPLY, SUPPLY, U_BASE, SUPPLY, TEMPLE, U_SPLY, SUPPLY, SUPPLY, "
563,"SUPPLY, SUPPLY, U_BASE, TEMPLE, U_SPLY, SUPPLY, SUPPLY, U_SPLY, U_SPLY, U_SPLY, SUPPLY, SUPPLY, U_SPLY, U_SPLY, "
626,"SUPPLY, TEMPLE, U_SPLY, U_BASE, SUPPLY, SUPPLY, SUPPLY, U_SPLY, SUPPLY, U_SPLY, "
653,"SUPPLY, SUPPLY, SUPPLY, TEMPLE, SUPPLY, U_BASE, U_SPLY, "
630,"SUPPLY, TEMPLE, SUPPLY, U_SPLY, U_SPLY, SUPPLY, U_SPLY, SUPPLY, U_SPLY, "
,"U_BASE, TEMPLE, SUPPLY, U_SPLY, SUPPLY, SUPPLY, U_SPLY, U_SPLY, SUPPLY, SUPPLY, U_SPLY, U_SPLY, SUPPLY, "
,"TEMPLE, U_BASE, SUPPLY, SUPPLY, U_SPLY, SUPPLY, SUPPLY, U_SPLY, U_SPLY, U_SPLY, SUPPLY, SUPPLY, U_SPLY, "
673,"TEMPLE, SUPPLY, U_SPLY, SUPPLY, SUPPLY, U_SPLY, SUPPLY, "
774,"TEMPLE, SUPPLY, U_SPLY, SUPPLY, SUPPLY, U_SPLY, U_BASE, U_SPLY, "
658,"U_BASE, SUPPLY, TEMPLE, SUPPLY, SUPPLY, U_SPLY, U_SPLY, SUPPLY, U_SPLY, "
,"TEMPLE, U_BASE, SUPPLY, U_SPLY, SUPPLY, U_SPLY, SUPPLY, SUPPLY, U_SPLY, SUPPLY, U_SPLY, U_SPLY, SUPPLY, U_SPLY, "
,"TEMPLE, U_BASE, SUPPLY, SUPPLY, U_SPLY, SUPPLY, U_SPLY, SUPPLY, U_SPLY, U_SPLY, SUPPLY, SUPPLY, U_SPLY, U_SPLY, "
654,"TEMPLE, SUPPLY, U_SPLY, U_BASE, SUPPLY, SUPPLY, U_SPLY, U_SPLY, SUPPLY, U_SPLY, SUPPLY, "
558,"SUPPLY, SUPPLY, U_BASE, TEMPLE, SUPPLY, SUPPLY, U_SPLY, U_SPLY, SUPPLY, U_SPLY, U_SPLY, U_SPLY, SUPPLY, "
,"U_BASE, TEMPLE, SUPPLY, U_SPLY, SUPPLY, SUPPLY, U_SPLY, U_SPLY, SUPPLY, U_SPLY, SUPPLY, SUPPLY, U_SPLY, "
924,"SUPPLY, TEMPLE, U_SPLY, SUPPLY, U_SPLY, U_BASE, "
574,"SUPPLY, U_BASE, SUPPLY, TEMPLE, U_SPLY, U_SPLY, SUPPLY, U_SPLY, SUPPLY, U_SPLY, SUPPLY, SUPPLY, "
674,"SUPPLY, SUPPLY, SUPPLY, U_BASE, SUPPLY, TEMPLE, "
571,"SUPPLY, SUPPLY, TEMPLE, SUPPLY, U_SPLY, U_SPLY, U_SPLY, SUPPLY, U_BASE, SUPPLY, "
694,"TEMPLE, SUPPLY, U_SPLY, SUPPLY, U_SPLY, U_BASE, SUPPLY, SUPPLY, U_SPLY, "
,"U_BASE, TEMPLE, SUPPLY, U_SPLY, SUPPLY, U_SPLY, SUPPLY, SUPPLY, SUPPLY, "
869,"TEMPLE, SUPPLY, U_BASE, SUPPLY, SUPPLY, "
790,"TEMPLE, SUPPLY, SUPPLY, U_BASE, U_SPLY, SUPPLY, "
792,"SUPPLY, U_BASE, SUPPLY, SUPPLY, TEMPLE, "
557,"SUPPLY, U_BASE, SUPPLY, SUPPLY, SUPPLY, TEMPLE, SUPPLY, SUPPLY, U_SPLY, U_SPLY, "
579,"U_BASE, SUPPLY, SUPPLY, TEMPLE, SUPPLY, SUPPLY, SUPPLY, U_SPLY, U_SPLY, SUPPLY, "
562,"SUPPLY, U_BASE, SUPPLY, TEMPLE, SUPPLY, U_SPLY, SUPPLY, U_SPLY, U_SPLY, SUPPLY, U_SPLY, SUPPLY, "
545,"SUPPLY, SUPPLY, SUPPLY, TEMPLE, U_SPLY, SUPPLY, U_BASE, SUPPLY, SUPPLY, U_SPLY, U_SPLY, U_SPLY, "
743,"U_BASE, SUPPLY, SUPPLY, SUPPLY, TEMPLE, U_SPLY, "
674,"TEMPLE, SUPPLY, U_BASE, U_SPLY, SUPPLY, U_SPLY, SUPPLY, U_SPLY, SUPPLY, U_SPLY, SUPPLY, U_SPLY, "
565,"SUPPLY, SUPPLY, U_BASE, SUPPLY, SUPPLY, SUPPLY, SUPPLY, TEMPLE, U_SPLY, "
675,"U_BASE, SUPPLY, SUPPLY, SUPPLY, SUPPLY, TEMPLE, "
698,"SUPPLY, TEMPLE, U_BASE, SUPPLY, SUPPLY, SUPPLY, U_SPLY, "
662,"TEMPLE, SUPPLY, SUPPLY, U_SPLY, SUPPLY, U_BASE, U_SPLY, U_SPLY, SUPPLY, "
680,"SUPPLY, SUPPLY, SUPPLY, U_BASE, TEMPLE, SUPPLY, "
569,"SUPPLY, SUPPLY, U_BASE, TEMPLE, SUPPLY, U_SPLY, SUPPLY, SUPPLY, SUPPLY, U_SPLY, U_SPLY, "
616,"SUPPLY, TEMPLE, U_SPLY, U_BASE, SUPPLY, SUPPLY, SUPPLY, SUPPLY, U_SPLY, SUPPLY, "
669,"U_BASE, SUPPLY, TEMPLE, U_SPLY, SUPPLY, U_SPLY, SUPPLY, U_SPLY, SUPPLY, U_SPLY, "
621,"TEMPLE, SUPPLY, U_SPLY, SUPPLY, SUPPLY, SUPPLY, U_SPLY, U_SPLY, "
,"U_BASE, TEMPLE, SUPPLY, U_SPLY, SUPPLY, U_SPLY, SUPPLY, SUPPLY, U_SPLY, U_SPLY, "
,"TEMPLE, U_BASE, SUPPLY, SUPPLY, SUPPLY, SUPPLY, SUPPLY, SUPPLY, "
679,"TEMPLE, SUPPLY, SUPPLY, SUPPLY, SUPPLY, U_BASE, U_SPLY, "
604,"SUPPLY, TEMPLE, U_SPLY, U_BASE, SUPPLY, U_SPLY, SUPPLY, U_SPLY, SUPPLY, U_SPLY, SUPPLY, U_SPLY, SUPPLY, U_SPLY, "
576,"U_BASE, SUPPLY, SUPPLY, SUPPLY, SUPPLY, SUPPLY, TEMPLE, SUPPLY, "
623,"SUPPLY, U_BASE, SUPPLY, TEMPLE, SUPPLY, U_SPLY, U_SPLY, SUPPLY, U_SPLY, "
567,"SUPPLY, SUPPLY, SUPPLY, SUPPLY, U_BASE, SUPPLY, TEMPLE, U_SPLY, SUPPLY, "
679,"TEMPLE, SUPPLY, SUPPLY, U_SPLY, U_BASE, U_SPLY, SUPPLY, U_SPLY, SUPPLY, "
699,"SUPPLY, U_BASE, SUPPLY, SUPPLY, TEMPLE, U_SPLY, U_SPLY, "
624,"SUPPLY, SUPPLY, U_BASE, TEMPLE, U_SPLY, SUPPLY, U_SPLY, SUPPLY, U_SPLY, "
783,"TEMPLE, SUPPLY, U_SPLY, SUPPLY, U_SPLY, SUPPLY, "
637,"TEMPLE, SUPPLY, U_SPLY, U_BASE, SUPPLY, SUPPLY, SUPPLY, SUPPLY, SUPPLY, U_SPLY, U_SPLY, "
613,"TEMPLE, SUPPLY, U_BASE, SUPPLY, SUPPLY, SUPPLY, U_SPLY, SUPPLY, U_SPLY, U_SPLY, U_SPLY, SUPPLY, U_SPLY, U_SPLY, "
717,"SUPPLY, TEMPLE, U_BASE, SUPPLY, U_SPLY, U_SPLY, SUPPLY, U_SPLY, "
561,"SUPPLY, SUPPLY, SUPPLY, SUPPLY, TEMPLE, U_SPLY, U_BASE, SUPPLY, SUPPLY, U_SPLY, "
546,"SUPPLY, SUPPLY, SUPPLY, SUPPLY, TEMPLE, U_SPLY, U_BASE, SUPPLY, U_SPLY, SUPPLY, U_SPLY, U_SPLY, "
,"U_BASE, TEMPLE, SUPPLY, SUPPLY, SUPPLY, U_SPLY, "
667,"SUPPLY, TEMPLE, U_BASE, U_SPLY, SUPPLY, U_SPLY, SUPPLY, SUPPLY, SUPPLY, "
633,"SUPPLY, U_BASE, TEMPLE, SUPPLY, SUPPLY, SUPPLY, SUPPLY, SUPPLY, "
627,"U_BASE, SUPPLY, TEMPLE, U_SPLY, SUPPLY, U_SPLY, SUPPLY, U_SPLY, SUPPLY, U_SPLY, SUPPLY, U_SPLY, SUPPLY, "
565,"SUPPLY, SUPPLY, U_BASE, SUPPLY, TEMPLE, SUPPLY, U_SPLY, U_SPLY, U_SPLY, U_SPLY, SUPPLY, "
,"U_BASE, TEMPLE, SUPPLY, U_SPLY, SUPPLY, U_SPLY, SUPPLY, SUPPLY, U_SPLY, U_SPLY, SUPPLY, SUPPLY, "
553,"SUPPLY, TEMPLE, U_SPLY, SUPPLY, SUPPLY, U_SPLY, U_BASE, SUPPLY, U_SPLY, U_SPLY, SUPPLY, U_SPLY, SUPPLY, "
,"TEMPLE, U_BASE, SUPPLY, SUPPLY, U_SPLY, U_SPLY, SUPPLY, U_SPLY, SUPPLY, U_SPLY, SUPPLY, U_SPLY, "
,"U_BASE, TEMPLE, SUPPLY, U_SPLY, SUPPLY, SUPPLY, SUPPLY, SUPPLY, SUPPLY, U_SPLY, U_SPLY, "
560,"SUPPLY, SUPPLY, U_BASE, SUPPLY, TEMPLE, SUPPLY, U_SPLY, U_SPLY, SUPPLY, SUPPLY, "
,"TEMPLE, U_BASE, SUPPLY, U_SPLY, SUPPLY, U_SPLY, SUPPLY, SUPPLY, U_SPLY, U_SPLY, SUPPLY, "
663,"SUPPLY, TEMPLE, SUPPLY, U_SPLY, SUPPLY, U_BASE, SUPPLY, "
652,"SUPPLY, U_BASE, TEMPLE, SUPPLY, U_SPLY, U_SPLY, SUPPLY, SUPPLY, SUPPLY, "
577,"SUPPLY, TEMPLE, SUPPLY, U_SPLY, U_BASE, U_SPLY, SUPPLY, U_SPLY, SUPPLY, U_SPLY, SUPPLY, SUPPLY, "
661,"SUPPLY, TEMPLE, U_BASE, U_SPLY, SUPPLY, SUPPLY, U_SPLY, SUPPLY, SUPPLY, "
,"TEMPLE, U_BASE, SUPPLY, SUPPLY, SUPPLY, SUPPLY, "
593,"SUPPLY, TEMPLE, U_SPLY, SUPPLY, U_BASE, U_SPLY, SUPPLY, SUPPLY, U_SPLY, U_SPLY, SUPPLY, U_SPLY, "
538,"SUPPLY, U_BASE, SUPPLY, SUPPLY, SUPPLY, TEMPLE, U_SPLY, SUPPLY, U_SPLY, SUPPLY, U_SPLY, U_SPLY, U_SPLY, "
651,"TEMPLE, SUPPLY, SUPPLY, U_SPLY, SUPPLY, SUPPLY, U_SPLY, U_BASE, U_SPLY, "
584,"U_BASE, SUPPLY, SUPPLY, TEMPLE, U_SPLY, U_SPLY, SUPPLY, SUPPLY, SUPPLY, SUPPLY, U_SPLY, "
757,"TEMPLE, SUPPLY, U_BASE, SUPPLY, SUPPLY, SUPPLY, "
551,"U_BASE, SUPPLY, SUPPLY, SUPPLY, SUPPLY, TEMPLE, U_SPLY, U_SPLY, SUPPLY, SUPPLY, U_SPLY, "
631,"U_BASE, SUPPLY, TEMPLE, SUPPLY, U_SPLY, SUPPLY, SUPPLY, SUPPLY, SUPPLY, "
609,"SUPPLY, TEMPLE, U_BASE, SUPPLY, U_SPLY, U_SPLY, SUPPLY, SUPPLY, SUPPLY, SUPPLY, U_SPLY, U_SPLY, "
593,"SUPPLY, U_BASE, TEMPLE, SUPPLY, SUPPLY, U_SPLY, SUPPLY, U_SPLY, U_SPLY, U_SPLY, SUPPLY, SUPPLY, U_SPLY, U_SPLY, "
987,"TEMPLE, SUPPLY, U_SPLY, U_BASE, SUPPLY, U_SPLY, "
,"U_BASE, TEMPLE, SUPPLY, U_SPLY, SUPPLY, U_SPLY, SUPPLY, U_SPLY, SUPPLY, "
595,"SUPPLY, TEMPLE, SUPPLY, U_BASE, SUPPLY, SUPPLY, SUPPLY, SUPPLY, U_SPLY, "
580,"U_BASE, SUPPLY, SUPPLY, SUPPLY, SUPPLY, TEMPLE, SUPPLY, SUPPLY, "
587,"SUPPLY, SUPPLY, TEMPLE, U_SPLY, SUPPLY, U_SPLY, U_SPLY, SUPPLY, U_SPLY, U_BASE, "
547,"SUPPLY, SUPPLY, U_BASE, SUPPLY, TEMPLE, SUPPLY, U_SPLY, U_SPLY, U_SPLY, SUPPLY, U_SPLY, SUPPLY, "
625,"U_BASE, SUPPLY, TEMPLE, U_SPLY, SUPPLY, SUPPLY, U_SPLY, U_SPLY, SUPPLY, U_SPLY, SUPPLY, U_SPLY, SUPPLY, U_SPLY, "
582,"SUPPLY, SUPPLY, U_BASE, TEMPLE, SUPPLY, U_SPLY, U_SPLY, SUPPLY, SUPPLY, U_SPLY, U_SPLY, "
623,"TEMPLE, SUPPLY, U_SPLY, SUPPLY, SUPPLY, SUPPLY, U_SPLY, U_BASE, SUPPLY, "
561,"SUPPLY, SUPPLY, TEMPLE, U_BASE, U_SPLY, SUPPLY, U_SPLY, SUPPLY, SUPPLY, U_SPLY, U_SPLY, U_SPLY, SUPPLY, U_SPLY, "
,"TEMPLE, U_BASE, SUPPLY, SUPPLY, U_SPLY, SUPPLY, U_SPLY, U_SPLY, SUPPLY, SUPPLY, U_SPLY, "
622,"SUPPLY, U_BASE, TEMPLE, U_SPLY, SUPPLY, U_SPLY, SUPPLY, U_SPLY, SUPPLY, U_SPLY, SUPPLY, SUPPLY, U_SPLY, "
648,"TEMPLE, SUPPLY, U_SPLY, U_BASE, SUPPLY, U_SPLY, SUPPLY, U_SPLY, SUPPLY, SUPPLY, SUPPLY, "
830,"SUPPLY, SUPPLY, U_BASE, TEMPLE, U_SPLY, U_SPLY, "
545,"U_BASE, SUPPLY, SUPPLY, SUPPLY, SUPPLY, SUPPLY, TEMPLE, U_SPLY, U_SPLY, SUPPLY, U_SPLY, U_SPLY, "
,"U_BASE, TEMPLE, SUPPLY, U_SPLY, SUPPLY, U_SPLY, SUPPLY, "
575,"SUPPLY, SUPPLY, U_BASE, SUPPLY, SUPPLY, SUPPLY, "
654,"U_BASE, SUPPLY, SUPPLY, SUPPLY, TEMPLE, SUPPLY, U_SPLY, "
719,"U_BASE, SUPPLY, SUPPLY, TEMPLE, U_SPLY, U_SPLY, SUPPLY, "
753,"U_BASE, SUPPLY, TEMPLE, SUPPLY, U_SPLY, SUPPLY, U_SPLY, "
566,"U_BASE, SUPPLY, SUPPLY, SUPPLY, TEMPLE, SUPPLY, U_SPLY, U_SPLY, U_SPLY, U_SPLY, SUPPLY, "
604,"SUPPLY, SUPPLY, SUPPLY, U_BASE, SUPPLY, TEMPLE, U_SPLY, U_SPLY, U_SPLY, "
561,"SUPPLY, SUPPLY, SUPPLY, SUPPLY, TEMPLE, U_SPLY, U_BASE, SUPPLY, U_SPLY, SUPPLY, "
,"TEMPLE, U_BASE, SUPPLY, SUPPLY, U_SPLY, U_SPLY, SUPPLY, SUPPLY, U_SPLY, SUPPLY, SUPPLY, U_SPLY, U_SPLY, "
572,"SUPPLY, SUPPLY, U_BASE, SUPPLY, SUPPLY, SUPPLY, SUPPLY, TEMPLE, "
572,"SUPPLY, SUPPLY, SUPPLY, TEMPLE, SUPPLY, U_SPLY, U_BASE, U_SPLY, SUPPLY, U_SPLY, "
550,"SUPPLY, SUPPLY, SUPPLY, SUPPLY, U_BASE, TEMPLE, U_SPLY, SUPPLY, SUPPLY, U_SPLY, U_SPLY, "
631,"SUPPLY, SUPPLY, U_BASE, TEMPLE, U_SPLY, U_SPLY, SUPPLY, U_SPLY, SUPPLY, "
,"U_BASE, TEMPLE, SUPPLY, SUPPLY, U_SPLY, U_SPLY, SUPPLY, U_SPLY, SUPPLY, SUPPLY, "
,"U_BASE, TEMPLE, SUPPLY, U_SPLY, SUPPLY, U_SPLY, SUPPLY, SUPPLY, "
535,"SUPPLY, SUPPLY, SUPPLY, U_BASE, SUPPLY, TEMPLE, U_SPLY, U_SPLY, SUPPLY, U_SPLY, U_SPLY, U_SPLY, SUPPLY, U_SPLY, "
620,"U_BASE, SUPPLY, TEMPLE, SUPPLY, SUPPLY, U_SPLY, U_SPLY, U_SPLY, SUPPLY, U_SPLY, SUPPLY, "
618,"U_BASE, SUPPLY, TEMPLE, U_SPLY, SUPPLY, SUPPLY, U_SPLY, SUPPLY, U_SPLY, U_SPLY, SUPPLY, U_SPLY, SUPPLY, "
,"U_BASE, TEMPLE, SUPPLY, SUPPLY, U_SPLY, SUPPLY, SUPPLY, U_SPLY, SUPPLY, "
544,"U_BASE, SUPPLY, SUPPLY, SUPPLY, SUPPLY, SUPPLY, TEMPLE, SUPPLY, U_SPLY, U_SPLY, U_SPLY, U_SPLY, "
577,"SUPPLY, TEMPLE, U_SPLY, SUPPLY, U_SPLY, SUPPLY, U_SPLY, SUPPLY, U_SPLY, U_BASE, SUPPLY, U_SPLY, SUPPLY, U_SPLY, "
616,"U_BASE, SUPPLY, SUPPLY, TEMPLE, U_SPLY, U_SPLY, SUPPLY, SUPPLY, SUPPLY, "
601,"U_BASE, SUPPLY, SUPPLY, TEMPLE, U_SPLY, U_SPLY, SUPPLY, SUPPLY, SUPPLY, U_SPLY, "
,"TEMPLE, U_BASE, SUPPLY, U_SPLY, SUPPLY, U_SPLY, SUPPLY, U_SPLY, SUPPLY, SUPPLY, U_SPLY, "
,"U_BASE, TEMPLE, SUPPLY, SUPPLY, U_SPLY, "
589,"SUPPLY, SUPPLY, TEMPLE, SUPPLY, U_BASE, SUPPLY, SUPPLY, SUPPLY, "
655,"TEMPLE, SUPPLY, SUPPLY, U_SPLY, SUPPLY, U_SPLY, SUPPLY, U_BASE, U_SPLY, U_SPLY, "
,"TEMPLE, U_BASE, SUPPLY, U_SPLY, SUPPLY, U_SPLY, SUPPLY, SUPPLY, SUPPLY, U_SPLY, SUPPLY, U_SPLY, "
752,"SUPPLY, SUPPLY, TEMPLE, U_BASE, SUPPLY, U_SPLY, "
631,"SUPPLY, U_BASE, TEMPLE, U_SPLY, SUPPLY, SUPPLY, U_SPLY, U_SPLY, SUPPLY, SUPPLY, SUPPLY, "
677,"SUPPLY, U_BASE, SUPPLY, TEMPLE, SUPPLY, U_SPLY, U_SPLY, U_SPLY, "
,"U_BASE, TEMPLE, SUPPLY, U_SPLY, SUPPLY, U_SPLY, SUPPLY, SUPPLY, U_SPLY, U_SPLY, SUPPLY, U_SPLY, "
578,"SUPPLY, SUPPLY, SUPPLY, SUPPLY, TEMPLE, U_SPLY, U_SPLY, U_SPLY, "
543,"SUPPLY, SUPPLY, TEMPLE, SUPPLY, U_SPLY, U_SPLY, U_SPLY, SUPPLY, U_SPLY, U_BASE, SUPPLY, SUPPLY, U_SPLY, "
574,"SUPPLY, SUPPLY, TEMPLE, U_BASE, U_SPLY, U_SPLY, SUPPLY, U_SPLY, SUPPLY, U_SPLY, SUPPLY, U_SPLY, SUPPLY, U_SPLY, "
596,"SUPPLY, SUPPLY, SUPPLY, U_BASE, SUPPLY, SUPPLY, TEMPLE, U_SPLY, "
682,"TEMPLE, SUPPLY, U_SPLY, SUPPLY, U_SPLY, SUPPLY, U_SPLY, U_BASE, SUPPLY, U_SPLY, "
571,"U_BASE, SUPPLY, SUPPLY, TEMPLE, U_SPLY, U_SPLY, SUPPLY, SUPPLY, U_SPLY, SUPPLY, SUPPLY, U_SPLY, U_SPLY, U_SPLY, "
,"U_BASE, TEMPLE, SUPPLY, U_SPLY, SUPPLY, SUPPLY, SUPPLY, U_SPLY, SUPPLY, SUPPLY, "
546,"SUPPLY, SUPPLY, SUPPLY, TEMPLE, SUPPLY, U_SPLY, U_BASE, U_SPLY, U_SPLY, SUPPLY, U_SPLY, SUPPLY, "
710,"TEMPLE, SUPPLY, U_BASE, U_SPLY, SUPPLY, SUPPLY, SUPPLY, SUPPLY, "
642,"U_BASE, SUPPLY, TEMPLE, SUPPLY, SUPPLY, SUPPLY, U_SPLY, U_SPLY, U_SPLY, U_SPLY, "
869,"TEMPLE, SUPPLY, U_SPLY, U_BASE, SUPPLY, SUPPLY, "
680,"SUPPLY, TEMPLE, U_SPLY, U_BASE, SUPPLY, SUPPLY, SUPPLY, U_SPLY, "
653,"SUPPLY, SUPPLY, SUPPLY, TEMPLE, U_BASE, U_SPLY, SUPPLY, "
,"U_BASE, TEMPLE, SUPPLY, SUPPLY, SUPPLY, U_SPLY, SUPPLY, U_SPLY, U_SPLY, U_SPLY, SUPPLY, U_SPLY, SUPPLY, U_SPLY, "
683,"SUPPLY, SUPPLY, TEMPLE, U_BASE, U_SPLY, U_SPLY, SUPPLY, U_SPLY, "
,"U_BASE, TEMPLE, SUPPLY, U_SPLY, SUPPLY, SUPPLY, SUPPLY, U_SPLY, U_SPLY, U_SPLY, "
660,"TEMPLE, SUPPLY, U_BASE, U_SPLY, SUPPLY, SUPPLY, U_SPLY, SUPPLY, U_SPLY, SUPPLY, SUPPLY, "
553,"SUPPLY, SUPPLY, SUPPLY, U_BASE, SUPPLY, TEMPLE, U_SPLY, U_SPLY, SUPPLY, U_SPLY, U_SPLY, U_SPLY, "
,"TEMPLE, U_BASE, SUPPLY, U_SPLY, SUPPLY, SUPPLY, U_SPLY, SUPPLY, U_SPLY, SUPPLY, SUPPLY, U_SPLY, "
653,"TEMPLE, SUPPLY, U_BASE, U_SPLY, SUPPLY, SUPPLY, U_SPLY, SUPPLY, SUPPLY, SUPPLY, U_SPLY, U_SPLY, "
604,"SUPPLY, TEMPLE, U_SPLY, U_BASE, SUPPLY, U_SPLY, SUPPLY, U_SPLY, SUPPLY, SUPPLY, U_SPLY, U_SPLY, SUPPLY, "
653,"TEMPLE, SUPPLY, U_BASE, SUPPLY, SUPPLY, U_SPLY, U_SPLY, SUPPLY, U_SPLY, SUPPLY, "
555,"SUPPLY, SUPPLY, U_BASE, SUPPLY, TEMPLE, SUPPLY, SUPPLY, SUPPLY, U_SPLY, U_SPLY, U_SPLY, "
598,"SUPPLY, TEMPLE, U_SPLY, U_BASE, SUPPLY, SUPPLY, U_SPLY, U_SPLY, SUPPLY, U_SPLY, SUPPLY, SUPPLY, U_SPLY, "
560,"SUPPLY, U_BASE, SUPPLY, SUPPLY, TEMPLE, SUPPLY, U_SPLY, U_SPLY, SUPPLY, SUPPLY, "
567,"SUPPLY, U_BASE, SUPPLY, SUPPLY, SUPPLY, SUPPLY, TEMPLE, SUPPLY, U_SPLY, "
699,"SUPPLY, SUPPLY, U_BASE, SUPPLY, TEMPLE, U_SPLY, U_SPLY, "
,"U_BASE, TEMPLE, SUPPLY, SUPPLY, U_SPLY, SUPPLY, U_SPLY, SUPPLY, "
551,"U_BASE, SUPPLY, SUPPLY, SUPPLY, TEMPLE, U_SPLY, U_SPLY, SUPPLY, U_SPLY, SUPPLY, SUPPLY, U_SPLY, "
643,"TEMPLE, SUPPLY, U_SPLY, SUPPLY, U_SPLY, SUPPLY, SUPPLY, U_SPLY, U_SPLY, U_BASE, SUPPLY, "
,"TEMPLE, U_BASE, SUPPLY, U_SPLY, SUPPLY, U_SPLY, SUPPLY, SUPPLY, U_SPLY, SUPPLY, SUPPLY, "
673,"TEMPLE, SUPPLY, U_BASE, SUPPLY, SUPPLY, U_SPLY, U_SPLY, U_SPLY, SUPPLY, U_SPLY, "
654,"TEMPLE, SUPPLY, U_BASE, U_SPLY, SUPPLY, SUPPLY, SUPPLY, U_SPLY, SUPPLY, U_SPLY, SUPPLY, U_SPLY, "
718,"SUPPLY, TEMPLE, SUPPLY, SUPPLY, U_SPLY, "
784,"TEMPLE, SUPPLY, SUPPLY, U_BASE, SUPPLY, U_SPLY, "
680,"SUPPLY, U_BASE, TEMPLE, U_SPLY, SUPPLY, SUPPLY, U_SPLY, U_SPLY, SUPPLY, "
603,"SUPPLY, U_BASE, TEMPLE, SUPPLY, SUPPLY, U_SPLY, U_SPLY, U_SPLY, SUPPLY, U_SPLY, SUPPLY, U_SPLY, SUPPLY, "
539,"SUPPLY, SUPPLY, TEMPLE, SUPPLY, U_SPLY, SUPPLY, U_BASE, SUPPLY, U_SPLY, SUPPLY, U_SPLY, U_SPLY, U_SPLY, U_SPLY, "
557,"SUPPLY, SUPPLY, SUPPLY, SUPPLY, TEMPLE, U_BASE, SUPPLY, U_SPLY, SUPPLY, U_SPLY, "
569,"SUPPLY, SUPPLY, U_BASE, TEMPLE, SUPPLY, U_SPLY, U_SPLY, U_SPLY, SUPPLY, U_SPLY, SUPPLY, U_SPLY, SUPPLY, "
591,"U_BASE, SUPPLY, SUPPLY, TEMPLE, U_SPLY, U_SPLY, SUPPLY, U_SPLY, SUPPLY, U_SPLY, SUPPLY, "
543,"SUPPLY, SUPPLY, TEMPLE, U_SPLY, SUPPLY, U_SPLY, U_SPLY, SUPPLY, U_SPLY, U_BASE, SUPPLY, U_SPLY, SUPPLY, "
649,"TEMPLE, SUPPLY, U_BASE, U_SPLY, SUPPLY, SUPPLY, SUPPLY, U_SPLY, SUPPLY, U_SPLY, U_SPLY, U_SPLY, SUPPLY, "
570,"SUPPLY, TEMPLE, SUPPLY, U_SPLY, U_SPLY, U_BASE, SUPPLY, SUPPLY, SUPPLY, SUPPLY, U_SPLY, U_SPLY, U_SPLY, U_SPLY, "
610,"SUPPLY, TEMPLE, U_SPLY, U_BASE, SUPPLY, SUPPLY, SUPPLY, SUPPLY, U_SPLY, U_SPLY, U_SPLY, U_SPLY, "
688,"TEMPLE, SUPPLY, U_SPLY, U_BASE, SUPPLY, U_SPLY, SUPPLY, SUPPLY, SUPPLY, "
539,"SUPPLY, SUPPLY, U_BASE, SUPPLY, TEMPLE, U_SPLY, SUPPLY, U_SPLY, U_SPLY, SUPPLY, U_SPLY, U_SPLY, SUPPLY, U_SPLY, "
602,"TEMPLE, SUPPLY, SUPPLY, U_BASE, U_SPLY, U_SPLY, SUPPLY, SUPPLY, U_SPLY, SUPPLY, SUPPLY, U_SPLY, U_SPLY, "
561,"SUPPLY, SUPPLY, SUPPLY, TEMPLE, U_SPLY, SUPPLY, U_SPLY, U_SPLY, U_SPLY, "
609,"SUPPLY, TEMPLE, U_SPLY, U_BASE, SUPPLY, SUPPLY, U_SPLY, U_SPLY, SUPPLY, SUPPLY, SUPPLY, "
554,"SUPPLY, U_BASE, SUPPLY, SUPPLY, SUPPLY, TEMPLE, U_SPLY, U_SPLY, U_SPLY, SUPPLY, U_SPLY, U_SPLY, "
591,"U_BASE, SUPPLY, SUPPLY, TEMPLE, SUPPLY, SUPPLY, SUPPLY, U_SPLY, U_SPLY, U_SPLY, "
622,"SUPPLY, U_BASE, TEMPLE, SUPPLY, SUPPLY, SUPPLY, U_SPLY, U_SPLY, SUPPLY, U_SPLY, "
562,"U_BASE, SUPPLY, SUPPLY, TEMPLE, SUPPLY, SUPPLY, U_SPLY, U_SPLY, U_SPLY, U_SPLY, SUPPLY, SUPPLY, U_SPLY, U_SPLY, "
1076,"TEMPLE, SUPPLY, U_SPLY, SUPPLY, U_BASE, "
561,"SUPPLY, U_BASE, SUPPLY, TEMPLE, SUPPLY, SUPPLY, U_SPLY, U_SPLY, U_SPLY, U_SPLY, SUPPLY, U_SPLY, SUPPLY, "
615,"U_BASE, SUPPLY, TEMPLE, SUPPLY, SUPPLY, U_SPLY, U_SPLY, SUPPLY, SUPPLY, SUPPLY, "
630,"SUPPLY, TEMPLE, U_SPLY, SUPPLY, U_SPLY, SUPPLY, U_SPLY, SUPPLY, "
681,"U_BASE, SUPPLY, SUPPLY, SUPPLY, TEMPLE, SUPPLY, "
761,"SUPPLY, TEMPLE, SUPPLY, SUPPLY, U_BASE, U_SPLY, "
,"TEMPLE, U_BASE, SUPPLY, U_SPLY, SUPPLY, U_SPLY, SUPPLY, "
609,"SUPPLY, SUPPLY, TEMPLE, U_SPLY, U_SPLY, SUPPLY, U_SPLY, U_BASE, SUPPLY, "
,"TEMPLE, U_BASE, SUPPLY, U_SPLY, SUPPLY, U_SPLY, SUPPLY, U_SPLY, SUPPLY, U_SPLY, SUPPLY, "
562,"SUPPLY, SUPPLY, TEMPLE, U_SPLY, SUPPLY, U_SPLY, U_BASE, U_SPLY, SUPPLY, SUPPLY, SUPPLY, "
758,"SUPPLY, SUPPLY, U_BASE, TEMPLE, U_SPLY, SUPPLY, "
