Number,Character
564,"SUPPLY 1, SUPPLY 1, SUPPLY 1, TEMPLE 1, SUPPLY 1, U_SPLY 1, U_SPLY 1, U_SPLY 1, U_SPLY 1, U_BASE 1, SUPPLY 1, U_SPLY 1, SUPPLY 1, "
565,"SUPPLY 1, SUPPLY 1, SUPPLY 1, TEMPLE 1, U_SPLY 1, U_SPLY 1, SUPPLY 1, U_SPLY 1, U_SPLY 1, U_BASE 1, SUPPLY 1, U_SPLY 1, SUPPLY 1, "
565,"SUPPLY 1, SUPPLY 1, TEMPLE 1, SUPPLY 1, U_SPLY 1, U_SPLY 1, SUPPLY 1, U_SPLY 1, U_SPLY 1, U_BASE 1, SUPPLY 1, U_SPLY 1, SUPPLY 1, "
568,"SUPPLY 1, SUPPLY 1, SUPPLY 1, TEMPLE 1, SUPPLY 1, U_SPLY 1, U_SPLY 1, U_SPLY 1, U_BASE 1, U_SPLY 1, SUPPLY 1, SUPPLY 1, "
568,"SUPPLY 1, SUPPLY 1, SUPPLY 1, SUPPLY 1, TEMPLE 1, U_SPLY 1, U_SPLY 1, U_SPLY 1, U_SPLY 1, U_BASE 1, SUPPLY 1, SUPPLY 1, "
569,"SUPPLY 1, SUPPLY 1, TEMPLE 1, U_SPLY 1, SUPPLY 1, U_SPLY 1, SUPPLY 1, U_SPLY 1, U_SPLY 1, U_BASE 1, SUPPLY 1, SUPPLY 1, "
569,"SUPPLY 1, SUPPLY 1, SUPPLY 1, TEMPLE 1, SUPPLY 1, U_SPLY 1, U_SPLY 1, U_BASE 1, U_SPLY 1, U_SPLY 1, SUPPLY 1, SUPPLY 1, "
569,"SUPPLY 1, SUPPLY 1, TEMPLE 1, U_SPLY 1, SUPPLY 1, U_SPLY 1, SUPPLY 1, U_BASE 1, U_SPLY 1, U_SPLY 1, SUPPLY 1, U_SPLY 1, SUPPLY 1, "
570,"SUPPLY 1, SUPPLY 1, TEMPLE 1, U_SPLY 1, U_SPLY 1, SUPPLY 1, SUPPLY 1, U_SPLY 1, U_SPLY 1, U_BASE 1, SUPPLY 1, U_SPLY 1, SUPPLY 1, "
570,"SUPPLY 1, SUPPLY 1, TEMPLE 1, SUPPLY 1, SUPPLY 1, U_SPLY 1, U_BASE 1, U_SPLY 1, SUPPLY 1, U_SPLY 1, U_SPLY 1, U_SPLY 1, SUPPLY 1, "
570,"SUPPLY 1, SUPPLY 1, SUPPLY 1, SUPPLY 1, TEMPLE 1, U_BASE 1, SUPPLY 1, U_SPLY 1, U_SPLY 1, U_SPLY 1, U_SPLY 1, U_SPLY 1, SUPPLY 1, "
571,"SUPPLY 1, SUPPLY 1, SUPPLY 1, SUPPLY 1, TEMPLE 1, U_SPLY 1, U_BASE 1, U_SPLY 1, U_SPLY 1, U_SPLY 1, SUPPLY 1, SUPPLY 1, "
572,"SUPPLY 1, SUPPLY 1, SUPPLY 1, TEMPLE 1, U_BASE 1, U_SPLY 1, SUPPLY 1, U_SPLY 1, U_SPLY 1, SUPPLY 1, U_SPLY 1, U_SPLY 1, SUPPLY 1, "
572,"SUPPLY 1, SUPPLY 1, SUPPLY 1, TEMPLE 1, SUPPLY 1, U_SPLY 1, U_BASE 1, U_SPLY 1, U_SPLY 1, SUPPLY 1, U_SPLY 1, U_SPLY 1, SUPPLY 1, "
573,"SUPPLY 1, SUPPLY 1, SUPPLY 1, TEMPLE 1, U_SPLY 1, U_BASE 1, SUPPLY 1, SUPPLY 1, U_SPLY 1, U_SPLY 1, U_SPLY 1, U_SPLY 1, SUPPLY 1, "
573,"SUPPLY 1, SUPPLY 1, SUPPLY 1, SUPPLY 1, TEMPLE 1, U_SPLY 1, U_SPLY 1, U_SPLY 1, U_BASE 1, U_SPLY 1, SUPPLY 1, SUPPLY 1, "
573,"SUPPLY 1, SUPPLY 1, SUPPLY 1, SUPPLY 1, TEMPLE 1, U_SPLY 1, U_SPLY 1, U_SPLY 1, U_BASE 1, SUPPLY 1, U_SPLY 1, SUPPLY 1, "
574,"SUPPLY 1, TEMPLE 1, SUPPLY 1, U_SPLY 1, SUPPLY 1, U_SPLY 1, SUPPLY 1, U_SPLY 1, U_SPLY 1, U_BASE 1, SUPPLY 1, U_SPLY 1, SUPPLY 1, "
574,"SUPPLY 1, TEMPLE 1, SUPPLY 1, U_SPLY 1, SUPPLY 1, SUPPLY 1, U_SPLY 1, U_SPLY 1, U_SPLY 1, U_BASE 1, SUPPLY 1, U_SPLY 1, SUPPLY 1, "
575,"SUPPLY 1, TEMPLE 1, U_SPLY 1, SUPPLY 1, SUPPLY 1, SUPPLY 1, U_SPLY 1, U_BASE 1, SUPPLY 1, U_SPLY 1, U_SPLY 1, U_SPLY 1, SUPPLY 1, "
575,"SUPPLY 1, SUPPLY 1, SUPPLY 1, TEMPLE 1, SUPPLY 1, U_SPLY 1, U_SPLY 1, U_SPLY 1, U_BASE 1, SUPPLY 1, SUPPLY 1, "
575,"SUPPLY 1, SUPPLY 1, SUPPLY 1, TEMPLE 1, U_SPLY 1, SUPPLY 1, U_SPLY 1, U_BASE 1, SUPPLY 1, U_SPLY 1, SUPPLY 1, "
576,"SUPPLY 1, TEMPLE 1, SUPPLY 1, SUPPLY 1, U_SPLY 1, U_SPLY 1, SUPPLY 1, U_SPLY 1, U_SPLY 1, U_BASE 1, SUPPLY 1, U_SPLY 1, SUPPLY 1, "
577,"SUPPLY 1, TEMPLE 1, SUPPLY 1, U_SPLY 1, SUPPLY 1, SUPPLY 1, U_BASE 1, U_SPLY 1, SUPPLY 1, U_SPLY 1, U_SPLY 1, U_SPLY 1, SUPPLY 1, "
577,"SUPPLY 1, SUPPLY 1, SUPPLY 1, TEMPLE 1, U_BASE 1, SUPPLY 1, U_SPLY 1, U_SPLY 1, U_SPLY 1, SUPPLY 1, U_SPLY 1, SUPPLY 1, "
577,"SUPPLY 1, TEMPLE 1, SUPPLY 1, SUPPLY 1, SUPPLY 1, U_SPLY 1, U_SPLY 1, U_SPLY 1, U_SPLY 1, U_BASE 1, SUPPLY 1, U_SPLY 1, SUPPLY 1, "
578,"SUPPLY 1, TEMPLE 1, SUPPLY 1, U_SPLY 1, SUPPLY 1, U_SPLY 1, SUPPLY 1, U_SPLY 1, U_SPLY 1, U_BASE 1, SUPPLY 1, SUPPLY 1, "
578,"SUPPLY 1, SUPPLY 1, TEMPLE 1, U_SPLY 1, SUPPLY 1, U_SPLY 1, U_BASE 1, SUPPLY 1, SUPPLY 1, U_SPLY 1, U_SPLY 1, SUPPLY 1, "
578,"SUPPLY 1, SUPPLY 1, SUPPLY 1, TEMPLE 1, U_SPLY 1, U_BASE 1, U_SPLY 1, SUPPLY 1, SUPPLY 1, U_SPLY 1, U_SPLY 1, SUPPLY 1, "
578,"SUPPLY 1, SUPPLY 1, SUPPLY 1, TEMPLE 1, U_SPLY 1, SUPPLY 1, U_BASE 1, SUPPLY 1, U_SPLY 1, U_SPLY 1, U_SPLY 1, SUPPLY 1, "
578,"SUPPLY 1, SUPPLY 1, SUPPLY 1, TEMPLE 1, U_SPLY 1, U_SPLY 1, U_BASE 1, SUPPLY 1, SUPPLY 1, U_SPLY 1, U_SPLY 1, SUPPLY 1, "
578,"SUPPLY 1, SUPPLY 1, SUPPLY 1, SUPPLY 1, TEMPLE 1, U_SPLY 1, U_BASE 1, SUPPLY 1, U_SPLY 1, U_SPLY 1, SUPPLY 1, "
579,"SUPPLY 1, SUPPLY 1, SUPPLY 1, TEMPLE 1, SUPPLY 1, U_SPLY 1, U_SPLY 1, U_SPLY 1, U_BASE 1, U_SPLY 1, SUPPLY 1, "
580,"SUPPLY 1, TEMPLE 1, SUPPLY 1, SUPPLY 1, U_SPLY 1, SUPPLY 1, U_SPLY 1, U_SPLY 1, U_SPLY 1, U_BASE 1, SUPPLY 1, SUPPLY 1, "
581,"SUPPLY 1, TEMPLE 1, SUPPLY 1, SUPPLY 1, SUPPLY 1, U_SPLY 1, U_SPLY 1, U_SPLY 1, U_SPLY 1, U_BASE 1, SUPPLY 1, SUPPLY 1, "
581,"SUPPLY 1, SUPPLY 1, TEMPLE 1, U_BASE 1, SUPPLY 1, SUPPLY 1, U_SPLY 1, SUPPLY 1, U_SPLY 1, U_SPLY 1, U_SPLY 1, U_SPLY 1, SUPPLY 1, "
581,"SUPPLY 1, TEMPLE 1, SUPPLY 1, SUPPLY 1, SUPPLY 1, U_SPLY 1, U_SPLY 1, U_SPLY 1, U_BASE 1, U_SPLY 1, SUPPLY 1, SUPPLY 1, "
582,"SUPPLY 1, TEMPLE 1, SUPPLY 1, U_SPLY 1, SUPPLY 1, U_SPLY 1, U_SPLY 1, SUPPLY 1, U_SPLY 1, U_BASE 1, SUPPLY 1, SUPPLY 1, "
582,"SUPPLY 1, TEMPLE 1, U_SPLY 1, SUPPLY 1, SUPPLY 1, U_BASE 1, SUPPLY 1, U_SPLY 1, U_SPLY 1, SUPPLY 1, U_SPLY 1, U_SPLY 1, SUPPLY 1, "
582,"SUPPLY 1, TEMPLE 1, U_SPLY 1, SUPPLY 1, SUPPLY 1, U_BASE 1, SUPPLY 1, U_SPLY 1, SUPPLY 1, U_SPLY 1, U_SPLY 1, U_SPLY 1, SUPPLY 1, "
583,"SUPPLY 1, SUPPLY 1, TEMPLE 1, SUPPLY 1, U_SPLY 1, U_BASE 1, SUPPLY 1, U_SPLY 1, SUPPLY 1, U_SPLY 1, SUPPLY 1, "
583,"SUPPLY 1, TEMPLE 1, U_SPLY 1, SUPPLY 1, U_SPLY 1, SUPPLY 1, U_SPLY 1, SUPPLY 1, U_SPLY 1, U_BASE 1, SUPPLY 1, U_SPLY 1, SUPPLY 1, "
583,"SUPPLY 1, SUPPLY 1, TEMPLE 1, SUPPLY 1, U_BASE 1, U_SPLY 1, U_SPLY 1, SUPPLY 1, U_SPLY 1, U_SPLY 1, SUPPLY 1, U_SPLY 1, SUPPLY 1, "
584,"SUPPLY 1, SUPPLY 1, TEMPLE 1, SUPPLY 1, U_SPLY 1, SUPPLY 1, U_SPLY 1, U_BASE 1, SUPPLY 1, SUPPLY 1, "
584,"SUPPLY 1, SUPPLY 1, SUPPLY 1, TEMPLE 1, U_SPLY 1, U_SPLY 1, U_BASE 1, SUPPLY 1, U_SPLY 1, SUPPLY 1, SUPPLY 1, "
584,"SUPPLY 1, SUPPLY 1, SUPPLY 1, TEMPLE 1, U_SPLY 1, U_SPLY 1, U_BASE 1, U_SPLY 1, SUPPLY 1, SUPPLY 1, SUPPLY 1, "
584,"SUPPLY 1, SUPPLY 1, SUPPLY 1, TEMPLE 1, U_BASE 1, U_SPLY 1, U_SPLY 1, U_SPLY 1, SUPPLY 1, U_SPLY 1, SUPPLY 1, SUPPLY 1, "
584,"SUPPLY 1, TEMPLE 1, U_SPLY 1, SUPPLY 1, SUPPLY 1, U_SPLY 1, U_SPLY 1, SUPPLY 1, U_SPLY 1, U_BASE 1, SUPPLY 1, SUPPLY 1, "
585,"SUPPLY 1, SUPPLY 1, SUPPLY 1, TEMPLE 1, SUPPLY 1, U_BASE 1, U_SPLY 1, SUPPLY 1, U_SPLY 1, U_SPLY 1, SUPPLY 1, "
585,"SUPPLY 1, SUPPLY 1, SUPPLY 1, TEMPLE 1, SUPPLY 1, U_SPLY 1, U_BASE 1, U_SPLY 1, U_SPLY 1, SUPPLY 1, SUPPLY 1, "
585,"SUPPLY 1, SUPPLY 1, TEMPLE 1, U_SPLY 1, U_SPLY 1, SUPPLY 1, U_BASE 1, U_SPLY 1, SUPPLY 1, SUPPLY 1, SUPPLY 1, "
585,"SUPPLY 1, SUPPLY 1, TEMPLE 1, U_SPLY 1, SUPPLY 1, U_SPLY 1, U_BASE 1, SUPPLY 1, SUPPLY 1, U_SPLY 1, SUPPLY 1, "
585,"SUPPLY 1, TEMPLE 1, U_SPLY 1, SUPPLY 1, U_SPLY 1, SUPPLY 1, U_SPLY 1, SUPPLY 1, U_BASE 1, U_SPLY 1, SUPPLY 1, SUPPLY 1, "
585,"SUPPLY 1, SUPPLY 1, SUPPLY 1, TEMPLE 1, U_SPLY 1, SUPPLY 1, U_BASE 1, SUPPLY 1, U_SPLY 1, U_SPLY 1, SUPPLY 1, "
585,"SUPPLY 1, TEMPLE 1, U_SPLY 1, SUPPLY 1, U_SPLY 1, SUPPLY 1, SUPPLY 1, U_SPLY 1, U_BASE 1, U_SPLY 1, SUPPLY 1, SUPPLY 1, "
585,"SUPPLY 1, SUPPLY 1, SUPPLY 1, TEMPLE 1, SUPPLY 1, U_SPLY 1, U_BASE 1, U_SPLY 1, SUPPLY 1, U_SPLY 1, SUPPLY 1, "
586,"SUPPLY 1, SUPPLY 1, SUPPLY 1, SUPPLY 1, TEMPLE 1, U_SPLY 1, U_BASE 1, SUPPLY 1, U_SPLY 1, SUPPLY 1, "
587,"SUPPLY 1, TEMPLE 1, U_SPLY 1, SUPPLY 1, U_SPLY 1, SUPPLY 1, U_SPLY 1, SUPPLY 1, U_SPLY 1, U_BASE 1, SUPPLY 1, SUPPLY 1, "
587,"TEMPLE 1, SUPPLY 1, SUPPLY 1, SUPPLY 1, SUPPLY 1, U_SPLY 1, U_SPLY 1, U_SPLY 1, U_SPLY 1, U_BASE 1, SUPPLY 1, U_SPLY 1, SUPPLY 1, "
588,"SUPPLY 1, SUPPLY 1, SUPPLY 1, SUPPLY 1, U_BASE 1, TEMPLE 1, SUPPLY 1, U_SPLY 1, U_SPLY 1, U_SPLY 1, U_SPLY 1, U_SPLY 1, SUPPLY 1, "
588,"SUPPLY 1, U_BASE 1, SUPPLY 1, SUPPLY 1, SUPPLY 1, TEMPLE 1, U_SPLY 1, SUPPLY 1, U_SPLY 1, U_SPLY 1, U_SPLY 1, U_SPLY 1, SUPPLY 1, "
588,"U_BASE 1, SUPPLY 1, SUPPLY 1, SUPPLY 1, SUPPLY 1, TEMPLE 1, U_SPLY 1, SUPPLY 1, U_SPLY 1, U_SPLY 1, U_SPLY 1, U_SPLY 1, SUPPLY 1, "
588,"SUPPLY 1, TEMPLE 1, SUPPLY 1, U_SPLY 1, SUPPLY 1, SUPPLY 1, U_SPLY 1, U_SPLY 1, U_SPLY 1, U_BASE 1, SUPPLY 1, "
589,"SUPPLY 1, TEMPLE 1, SUPPLY 1, U_SPLY 1, SUPPLY 1, U_BASE 1, U_SPLY 1, U_SPLY 1, SUPPLY 1, SUPPLY 1, U_SPLY 1, SUPPLY 1, "
589,"SUPPLY 1, U_BASE 1, SUPPLY 1, SUPPLY 1, SUPPLY 1, SUPPLY 1, TEMPLE 1, U_SPLY 1, U_SPLY 1, U_SPLY 1, U_SPLY 1, U_SPLY 1, SUPPLY 1, "
590,"SUPPLY 1, SUPPLY 1, TEMPLE 1, SUPPLY 1, U_BASE 1, U_SPLY 1, SUPPLY 1, U_SPLY 1, SUPPLY 1, U_SPLY 1, SUPPLY 1, "
590,"SUPPLY 1, TEMPLE 1, U_SPLY 1, SUPPLY 1, U_SPLY 1, SUPPLY 1, SUPPLY 1, U_BASE 1, U_SPLY 1, U_SPLY 1, SUPPLY 1, SUPPLY 1, "
590,"U_BASE 1, SUPPLY 1, SUPPLY 1, SUPPLY 1, SUPPLY 1, TEMPLE 1, U_SPLY 1, U_SPLY 1, U_SPLY 1, SUPPLY 1, U_SPLY 1, U_SPLY 1, SUPPLY 1, "
591,"TEMPLE 1, SUPPLY 1, SUPPLY 1, SUPPLY 1, SUPPLY 1, U_SPLY 1, U_SPLY 1, U_SPLY 1, U_SPLY 1, U_BASE 1, SUPPLY 1, SUPPLY 1, "
591,"SUPPLY 1, SUPPLY 1, TEMPLE 1, U_BASE 1, SUPPLY 1, U_SPLY 1, U_SPLY 1, U_SPLY 1, SUPPLY 1, U_SPLY 1, SUPPLY 1, SUPPLY 1, "
591,"SUPPLY 1, TEMPLE 1, SUPPLY 1, SUPPLY 1, U_SPLY 1, SUPPLY 1, U_SPLY 1, U_BASE 1, U_SPLY 1, U_SPLY 1, SUPPLY 1, "
591,"SUPPLY 1, SUPPLY 1, SUPPLY 1, SUPPLY 1, TEMPLE 1, U_SPLY 1, U_BASE 1, U_SPLY 1, SUPPLY 1, U_SPLY 1, "
591,"SUPPLY 1, SUPPLY 1, SUPPLY 1, SUPPLY 1, TEMPLE 1, U_BASE 1, SUPPLY 1, U_SPLY 1, U_SPLY 1, SUPPLY 1, "
592,"SUPPLY 1, TEMPLE 1, U_SPLY 1, SUPPLY 1, U_SPLY 1, SUPPLY 1, U_BASE 1, U_SPLY 1, SUPPLY 1, SUPPLY 1, U_SPLY 1, SUPPLY 1, "
592,"SUPPLY 1, SUPPLY 1, TEMPLE 1, U_SPLY 1, U_SPLY 1, SUPPLY 1, SUPPLY 1, U_SPLY 1, U_SPLY 1, "
592,"SUPPLY 1, TEMPLE 1, SUPPLY 1, U_SPLY 1, U_SPLY 1, SUPPLY 1, SUPPLY 1, U_SPLY 1, U_SPLY 1, U_BASE 1, SUPPLY 1, U_SPLY 1, "
592,"SUPPLY 1, SUPPLY 1, TEMPLE 1, U_SPLY 1, SUPPLY 1, U_BASE 1, SUPPLY 1, SUPPLY 1, U_SPLY 1, SUPPLY 1, "
592,"SUPPLY 1, TEMPLE 1, SUPPLY 1, SUPPLY 1, U_SPLY 1, U_BASE 1, U_SPLY 1, U_SPLY 1, SUPPLY 1, U_SPLY 1, SUPPLY 1, SUPPLY 1, "
592,"SUPPLY 1, SUPPLY 1, TEMPLE 1, U_BASE 1, SUPPLY 1, SUPPLY 1, U_SPLY 1, U_SPLY 1, SUPPLY 1, U_SPLY 1, SUPPLY 1, "
593,"SUPPLY 1, TEMPLE 1, U_SPLY 1, SUPPLY 1, SUPPLY 1, U_SPLY 1, U_SPLY 1, U_BASE 1, SUPPLY 1, SUPPLY 1, U_SPLY 1, SUPPLY 1, "
593,"U_BASE 1, SUPPLY 1, SUPPLY 1, SUPPLY 1, SUPPLY 1, TEMPLE 1, U_SPLY 1, SUPPLY 1, U_SPLY 1, U_SPLY 1, U_SPLY 1, SUPPLY 1, "
593,"SUPPLY 1, SUPPLY 1, U_BASE 1, SUPPLY 1, SUPPLY 1, SUPPLY 1, TEMPLE 1, U_SPLY 1, U_SPLY 1, U_SPLY 1, U_SPLY 1, SUPPLY 1, "
593,"U_BASE 1, SUPPLY 1, SUPPLY 1, SUPPLY 1, SUPPLY 1, TEMPLE 1, U_SPLY 1, U_SPLY 1, SUPPLY 1, U_SPLY 1, U_SPLY 1, SUPPLY 1, "
593,"SUPPLY 1, SUPPLY 1, U_BASE 1, SUPPLY 1, SUPPLY 1, TEMPLE 1, U_SPLY 1, U_SPLY 1, U_SPLY 1, U_SPLY 1, SUPPLY 1, U_SPLY 1, SUPPLY 1, "
593,"SUPPLY 1, U_BASE 1, SUPPLY 1, SUPPLY 1, SUPPLY 1, TEMPLE 1, SUPPLY 1, U_SPLY 1, U_SPLY 1, U_SPLY 1, U_SPLY 1, SUPPLY 1, "
593,"SUPPLY 1, U_BASE 1, SUPPLY 1, SUPPLY 1, SUPPLY 1, TEMPLE 1, U_SPLY 1, U_SPLY 1, U_SPLY 1, U_SPLY 1, SUPPLY 1, U_SPLY 1, SUPPLY 1, "
593,"SUPPLY 1, TEMPLE 1, U_SPLY 1, SUPPLY 1, U_SPLY 1, SUPPLY 1, SUPPLY 1, U_SPLY 1, U_SPLY 1, U_BASE 1, SUPPLY 1, U_SPLY 1, "
593,"SUPPLY 1, SUPPLY 1, TEMPLE 1, U_BASE 1, U_SPLY 1, SUPPLY 1, U_SPLY 1, U_SPLY 1, SUPPLY 1, U_SPLY 1, SUPPLY 1, SUPPLY 1, "
593,"SUPPLY 1, U_BASE 1, SUPPLY 1, SUPPLY 1, SUPPLY 1, TEMPLE 1, U_SPLY 1, SUPPLY 1, U_SPLY 1, U_SPLY 1, U_SPLY 1, SUPPLY 1, "
594,"SUPPLY 1, TEMPLE 1, U_SPLY 1, SUPPLY 1, SUPPLY 1, U_BASE 1, U_SPLY 1, SUPPLY 1, U_SPLY 1, SUPPLY 1, SUPPLY 1, "
594,"SUPPLY 1, TEMPLE 1, SUPPLY 1, U_SPLY 1, SUPPLY 1, U_SPLY 1, U_BASE 1, U_SPLY 1, SUPPLY 1, SUPPLY 1, SUPPLY 1, "
594,"SUPPLY 1, TEMPLE 1, SUPPLY 1, U_SPLY 1, SUPPLY 1, U_SPLY 1, U_BASE 1, U_SPLY 1, SUPPLY 1, SUPPLY 1, SUPPLY 1, "
594,"SUPPLY 1, SUPPLY 1, TEMPLE 1, U_SPLY 1, U_BASE 1, U_SPLY 1, SUPPLY 1, SUPPLY 1, U_SPLY 1, U_SPLY 1, SUPPLY 1, SUPPLY 1, "
595,"TEMPLE 1, SUPPLY 1, SUPPLY 1, SUPPLY 1, SUPPLY 1, U_BASE 1, U_SPLY 1, U_SPLY 1, SUPPLY 1, U_SPLY 1, U_SPLY 1, U_SPLY 1, SUPPLY 1, "
595,"SUPPLY 1, SUPPLY 1, SUPPLY 1, SUPPLY 1, TEMPLE 1, U_SPLY 1, U_BASE 1, SUPPLY 1, SUPPLY 1, "
595,"U_BASE 1, SUPPLY 1, SUPPLY 1, SUPPLY 1, SUPPLY 1, TEMPLE 1, U_SPLY 1, U_SPLY 1, U_SPLY 1, SUPPLY 1, U_SPLY 1, SUPPLY 1, "
595,"SUPPLY 1, U_BASE 1, SUPPLY 1, SUPPLY 1, TEMPLE 1, SUPPLY 1, U_SPLY 1, U_SPLY 1, SUPPLY 1, U_SPLY 1, U_SPLY 1, U_SPLY 1, SUPPLY 1, "
595,"SUPPLY 1, SUPPLY 1, SUPPLY 1, U_BASE 1, TEMPLE 1, SUPPLY 1, U_SPLY 1, U_SPLY 1, SUPPLY 1, U_SPLY 1, U_SPLY 1, U_SPLY 1, SUPPLY 1, "
595,"SUPPLY 1, TEMPLE 1, U_SPLY 1, SUPPLY 1, SUPPLY 1, SUPPLY 1, U_SPLY 1, U_BASE 1, SUPPLY 1, SUPPLY 1, "
596,"TEMPLE 1, SUPPLY 1, SUPPLY 1, SUPPLY 1, U_BASE 1, SUPPLY 1, U_SPLY 1, SUPPLY 1, U_SPLY 1, U_SPLY 1, U_SPLY 1, U_SPLY 1, SUPPLY 1, "
596,"SUPPLY 1, TEMPLE 1, U_SPLY 1, SUPPLY 1, SUPPLY 1, U_SPLY 1, U_BASE 1, U_SPLY 1, SUPPLY 1, SUPPLY 1, SUPPLY 1, "
597,"SUPPLY 1, TEMPLE 1, SUPPLY 1, U_SPLY 1, SUPPLY 1, U_SPLY 1, U_SPLY 1, U_BASE 1, SUPPLY 1, SUPPLY 1, SUPPLY 1, "
597,"U_BASE 1, SUPPLY 1, SUPPLY 1, SUPPLY 1, SUPPLY 1, TEMPLE 1, U_SPLY 1, U_SPLY 1, U_SPLY 1, U_SPLY 1, SUPPLY 1, SUPPLY 1, "
597,"TEMPLE 1, SUPPLY 1, SUPPLY 1, SUPPLY 1, SUPPLY 1, U_SPLY 1, U_BASE 1, U_SPLY 1, SUPPLY 1, U_SPLY 1, SUPPLY 1, "
597,"TEMPLE 1, SUPPLY 1, SUPPLY 1, SUPPLY 1, SUPPLY 1, U_SPLY 1, U_SPLY 1, U_SPLY 1, U_BASE 1, SUPPLY 1, SUPPLY 1, "
597,"SUPPLY 1, TEMPLE 1, U_SPLY 1, SUPPLY 1, U_SPLY 1, SUPPLY 1, U_SPLY 1, SUPPLY 1, U_SPLY 1, U_BASE 1, SUPPLY 1, "
597,"TEMPLE 1, SUPPLY 1, SUPPLY 1, SUPPLY 1, SUPPLY 1, U_SPLY 1, U_SPLY 1, U_BASE 1, U_SPLY 1, SUPPLY 1, SUPPLY 1, "
597,"SUPPLY 1, SUPPLY 1, SUPPLY 1, U_BASE 1, SUPPLY 1, TEMPLE 1, U_SPLY 1, U_SPLY 1, U_SPLY 1, U_SPLY 1, SUPPLY 1, SUPPLY 1, "
598,"SUPPLY 1, TEMPLE 1, SUPPLY 1, U_SPLY 1, SUPPLY 1, SUPPLY 1, U_SPLY 1, U_SPLY 1, U_SPLY 1, "
598,"SUPPLY 1, SUPPLY 1, TEMPLE 1, U_BASE 1, U_SPLY 1, U_SPLY 1, SUPPLY 1, SUPPLY 1, U_SPLY 1, U_SPLY 1, SUPPLY 1, SUPPLY 1, "
599,"U_BASE 1, SUPPLY 1, SUPPLY 1, SUPPLY 1, SUPPLY 1, TEMPLE 1, SUPPLY 1, U_SPLY 1, U_SPLY 1, U_SPLY 1, SUPPLY 1, "
600,"SUPPLY 1, SUPPLY 1, U_BASE 1, SUPPLY 1, SUPPLY 1, SUPPLY 1, TEMPLE 1, U_SPLY 1, U_SPLY 1, U_SPLY 1, SUPPLY 1, "
600,"TEMPLE 1, SUPPLY 1, SUPPLY 1, SUPPLY 1, SUPPLY 1, U_BASE 1, U_SPLY 1, U_SPLY 1, U_SPLY 1, U_SPLY 1, SUPPLY 1, U_SPLY 1, SUPPLY 1, "
600,"SUPPLY 1, TEMPLE 1, SUPPLY 1, SUPPLY 1, SUPPLY 1, U_SPLY 1, U_BASE 1, SUPPLY 1, U_SPLY 1, SUPPLY 1, "
600,"SUPPLY 1, SUPPLY 1, SUPPLY 1, U_BASE 1, SUPPLY 1, SUPPLY 1, TEMPLE 1, U_SPLY 1, U_SPLY 1, U_SPLY 1, SUPPLY 1, "
600,"SUPPLY 1, U_BASE 1, SUPPLY 1, SUPPLY 1, SUPPLY 1, SUPPLY 1, TEMPLE 1, U_SPLY 1, U_SPLY 1, U_SPLY 1, SUPPLY 1, "
600,"SUPPLY 1, U_BASE 1, SUPPLY 1, SUPPLY 1, SUPPLY 1, TEMPLE 1, U_SPLY 1, U_SPLY 1, SUPPLY 1, U_SPLY 1, SUPPLY 1, "
600,"U_BASE 1, SUPPLY 1, SUPPLY 1, SUPPLY 1, TEMPLE 1, U_SPLY 1, SUPPLY 1, U_SPLY 1, SUPPLY 1, U_SPLY 1, U_SPLY 1, SUPPLY 1, "
600,"SUPPLY 1, TEMPLE 1, U_SPLY 1, SUPPLY 1, U_BASE 1, SUPPLY 1, U_SPLY 1, SUPPLY 1, SUPPLY 1, U_SPLY 1, U_SPLY 1, U_SPLY 1, SUPPLY 1, "
600,"SUPPLY 1, SUPPLY 1, SUPPLY 1, SUPPLY 1, TEMPLE 1, U_SPLY 1, U_SPLY 1, U_SPLY 1, "
600,"SUPPLY 1, SUPPLY 1, U_BASE 1, SUPPLY 1, SUPPLY 1, TEMPLE 1, U_SPLY 1, U_SPLY 1, SUPPLY 1, U_SPLY 1, SUPPLY 1, "
601,"SUPPLY 1, TEMPLE 1, U_SPLY 1, SUPPLY 1, SUPPLY 1, SUPPLY 1, U_BASE 1, SUPPLY 1, U_SPLY 1, SUPPLY 1, "
601,"SUPPLY 1, SUPPLY 1, TEMPLE 1, U_SPLY 1, U_BASE 1, SUPPLY 1, U_SPLY 1, U_SPLY 1, SUPPLY 1, SUPPLY 1, SUPPLY 1, "
601,"SUPPLY 1, SUPPLY 1, SUPPLY 1, TEMPLE 1, SUPPLY 1, U_SPLY 1, U_SPLY 1, U_SPLY 1, "
601,"SUPPLY 1, TEMPLE 1, SUPPLY 1, U_SPLY 1, SUPPLY 1, U_BASE 1, SUPPLY 1, U_SPLY 1, SUPPLY 1, SUPPLY 1, "
601,"SUPPLY 1, TEMPLE 1, U_SPLY 1, SUPPLY 1, SUPPLY 1, SUPPLY 1, U_SPLY 1, U_SPLY 1, U_SPLY 1, "
601,"SUPPLY 1, SUPPLY 1, TEMPLE 1, U_BASE 1, U_SPLY 1, SUPPLY 1, U_SPLY 1, SUPPLY 1, SUPPLY 1, U_SPLY 1, U_SPLY 1, "
601,"SUPPLY 1, TEMPLE 1, SUPPLY 1, U_SPLY 1, SUPPLY 1, U_BASE 1, SUPPLY 1, SUPPLY 1, U_SPLY 1, SUPPLY 1, "
602,"SUPPLY 1, SUPPLY 1, SUPPLY 1, U_BASE 1, TEMPLE 1, SUPPLY 1, U_SPLY 1, U_SPLY 1, U_SPLY 1, SUPPLY 1, U_SPLY 1, SUPPLY 1, "
602,"U_BASE 1, SUPPLY 1, SUPPLY 1, SUPPLY 1, TEMPLE 1, U_SPLY 1, U_SPLY 1, SUPPLY 1, U_SPLY 1, U_SPLY 1, SUPPLY 1, U_SPLY 1, SUPPLY 1, "
602,"SUPPLY 1, U_BASE 1, SUPPLY 1, SUPPLY 1, SUPPLY 1, TEMPLE 1, U_SPLY 1, U_SPLY 1, U_SPLY 1, SUPPLY 1, SUPPLY 1, "
602,"SUPPLY 1, SUPPLY 1, SUPPLY 1, U_BASE 1, SUPPLY 1, TEMPLE 1, U_SPLY 1, U_SPLY 1, U_SPLY 1, SUPPLY 1, SUPPLY 1, "
603,"SUPPLY 1, SUPPLY 1, SUPPLY 1, SUPPLY 1, SUPPLY 1, U_BASE 1, TEMPLE 1, U_SPLY 1, SUPPLY 1, "
603,"SUPPLY 1, TEMPLE 1, U_SPLY 1, SUPPLY 1, SUPPLY 1, U_BASE 1, U_SPLY 1, SUPPLY 1, SUPPLY 1, SUPPLY 1, "
604,"TEMPLE 1, SUPPLY 1, SUPPLY 1, SUPPLY 1, U_BASE 1, SUPPLY 1, U_SPLY 1, U_SPLY 1, U_SPLY 1, SUPPLY 1, U_SPLY 1, SUPPLY 1, "
604,"U_BASE 1, SUPPLY 1, SUPPLY 1, SUPPLY 1, TEMPLE 1, U_SPLY 1, SUPPLY 1, U_SPLY 1, U_SPLY 1, U_SPLY 1, SUPPLY 1, SUPPLY 1, "
604,"SUPPLY 1, SUPPLY 1, TEMPLE 1, U_BASE 1, U_SPLY 1, SUPPLY 1, U_SPLY 1, SUPPLY 1, SUPPLY 1, SUPPLY 1, "
604,"SUPPLY 1, TEMPLE 1, U_SPLY 1, SUPPLY 1, SUPPLY 1, U_BASE 1, SUPPLY 1, SUPPLY 1, U_SPLY 1, SUPPLY 1, "
604,"SUPPLY 1, U_BASE 1, SUPPLY 1, SUPPLY 1, TEMPLE 1, U_SPLY 1, SUPPLY 1, U_SPLY 1, U_SPLY 1, U_SPLY 1, SUPPLY 1, SUPPLY 1, "
605,"SUPPLY 1, TEMPLE 1, SUPPLY 1, U_SPLY 1, U_BASE 1, SUPPLY 1, SUPPLY 1, U_SPLY 1, U_SPLY 1, SUPPLY 1, U_SPLY 1, SUPPLY 1, "
605,"SUPPLY 1, TEMPLE 1, SUPPLY 1, U_SPLY 1, U_BASE 1, SUPPLY 1, SUPPLY 1, U_SPLY 1, U_SPLY 1, U_SPLY 1, SUPPLY 1, SUPPLY 1, "
605,"TEMPLE 1, SUPPLY 1, SUPPLY 1, SUPPLY 1, SUPPLY 1, U_SPLY 1, U_SPLY 1, U_BASE 1, SUPPLY 1, SUPPLY 1, "
605,"TEMPLE 1, SUPPLY 1, SUPPLY 1, SUPPLY 1, SUPPLY 1, U_SPLY 1, U_BASE 1, U_SPLY 1, SUPPLY 1, SUPPLY 1, "
605,"SUPPLY 1, SUPPLY 1, SUPPLY 1, TEMPLE 1, U_SPLY 1, SUPPLY 1, U_BASE 1, SUPPLY 1, SUPPLY 1, "
606,"SUPPLY 1, U_BASE 1, SUPPLY 1, SUPPLY 1, TEMPLE 1, SUPPLY 1, U_SPLY 1, U_SPLY 1, SUPPLY 1, U_SPLY 1, SUPPLY 1, "
606,"SUPPLY 1, SUPPLY 1, TEMPLE 1, U_SPLY 1, U_BASE 1, U_SPLY 1, SUPPLY 1, U_SPLY 1, SUPPLY 1, U_SPLY 1, SUPPLY 1, "
606,"SUPPLY 1, SUPPLY 1, SUPPLY 1, U_BASE 1, TEMPLE 1, U_SPLY 1, SUPPLY 1, U_SPLY 1, SUPPLY 1, U_SPLY 1, SUPPLY 1, "
606,"U_BASE 1, SUPPLY 1, SUPPLY 1, SUPPLY 1, TEMPLE 1, SUPPLY 1, U_SPLY 1, U_SPLY 1, SUPPLY 1, U_SPLY 1, SUPPLY 1, "
607,"SUPPLY 1, TEMPLE 1, SUPPLY 1, U_SPLY 1, U_BASE 1, U_SPLY 1, SUPPLY 1, SUPPLY 1, U_SPLY 1, U_SPLY 1, SUPPLY 1, SUPPLY 1, "
607,"U_BASE 1, SUPPLY 1, SUPPLY 1, SUPPLY 1, TEMPLE 1, SUPPLY 1, U_SPLY 1, SUPPLY 1, U_SPLY 1, U_SPLY 1, SUPPLY 1, "
607,"SUPPLY 1, TEMPLE 1, U_SPLY 1, SUPPLY 1, U_BASE 1, SUPPLY 1, U_SPLY 1, U_SPLY 1, SUPPLY 1, U_SPLY 1, SUPPLY 1, SUPPLY 1, "
607,"SUPPLY 1, TEMPLE 1, SUPPLY 1, U_SPLY 1, U_BASE 1, U_SPLY 1, SUPPLY 1, U_SPLY 1, SUPPLY 1, U_SPLY 1, SUPPLY 1, SUPPLY 1, "
607,"SUPPLY 1, SUPPLY 1, SUPPLY 1, U_BASE 1, TEMPLE 1, SUPPLY 1, U_SPLY 1, SUPPLY 1, U_SPLY 1, U_SPLY 1, SUPPLY 1, "
608,"SUPPLY 1, TEMPLE 1, U_SPLY 1, SUPPLY 1, U_BASE 1, U_SPLY 1, SUPPLY 1, SUPPLY 1, SUPPLY 1, U_SPLY 1, U_SPLY 1, SUPPLY 1, "
608,"SUPPLY 1, SUPPLY 1, U_BASE 1, SUPPLY 1, SUPPLY 1, TEMPLE 1, U_SPLY 1, SUPPLY 1, U_SPLY 1, SUPPLY 1, "
608,"SUPPLY 1, TEMPLE 1, U_SPLY 1, SUPPLY 1, U_BASE 1, U_SPLY 1, SUPPLY 1, U_SPLY 1, SUPPLY 1, U_SPLY 1, SUPPLY 1, SUPPLY 1, "
608,"SUPPLY 1, SUPPLY 1, SUPPLY 1, U_BASE 1, SUPPLY 1, SUPPLY 1, TEMPLE 1, U_SPLY 1, U_SPLY 1, SUPPLY 1, "
608,"SUPPLY 1, SUPPLY 1, SUPPLY 1, SUPPLY 1, U_BASE 1, TEMPLE 1, U_SPLY 1, SUPPLY 1, U_SPLY 1, SUPPLY 1, "
608,"SUPPLY 1, SUPPLY 1, SUPPLY 1, SUPPLY 1, U_BASE 1, SUPPLY 1, TEMPLE 1, U_SPLY 1, U_SPLY 1, SUPPLY 1, "
608,"SUPPLY 1, U_BASE 1, SUPPLY 1, SUPPLY 1, SUPPLY 1, TEMPLE 1, U_SPLY 1, U_SPLY 1, SUPPLY 1, SUPPLY 1, "
608,"SUPPLY 1, SUPPLY 1, SUPPLY 1, U_BASE 1, TEMPLE 1, SUPPLY 1, SUPPLY 1, U_SPLY 1, U_SPLY 1, U_SPLY 1, SUPPLY 1, "
608,"SUPPLY 1, SUPPLY 1, U_BASE 1, SUPPLY 1, SUPPLY 1, SUPPLY 1, TEMPLE 1, U_SPLY 1, U_SPLY 1, SUPPLY 1, "
608,"TEMPLE 1, SUPPLY 1, SUPPLY 1, SUPPLY 1, U_BASE 1, SUPPLY 1, U_SPLY 1, SUPPLY 1, U_SPLY 1, U_SPLY 1, SUPPLY 1, "
608,"SUPPLY 1, SUPPLY 1, TEMPLE 1, U_SPLY 1, U_BASE 1, SUPPLY 1, U_SPLY 1, SUPPLY 1, SUPPLY 1, SUPPLY 1, "
608,"SUPPLY 1, U_BASE 1, SUPPLY 1, SUPPLY 1, SUPPLY 1, TEMPLE 1, SUPPLY 1, U_SPLY 1, U_SPLY 1, SUPPLY 1, "
609,"TEMPLE 1, SUPPLY 1, SUPPLY 1, SUPPLY 1, SUPPLY 1, U_BASE 1, U_SPLY 1, U_SPLY 1, U_SPLY 1, SUPPLY 1, SUPPLY 1, "
609,"TEMPLE 1, SUPPLY 1, SUPPLY 1, SUPPLY 1, SUPPLY 1, U_BASE 1, U_SPLY 1, U_SPLY 1, U_SPLY 1, SUPPLY 1, SUPPLY 1, "
609,"SUPPLY 1, SUPPLY 1, TEMPLE 1, U_SPLY 1, U_SPLY 1, U_BASE 1, SUPPLY 1, SUPPLY 1, SUPPLY 1, SUPPLY 1, "
609,"TEMPLE 1, SUPPLY 1, SUPPLY 1, SUPPLY 1, U_BASE 1, U_SPLY 1, SUPPLY 1, SUPPLY 1, U_SPLY 1, U_SPLY 1, SUPPLY 1, "
609,"SUPPLY 1, SUPPLY 1, SUPPLY 1, U_BASE 1, TEMPLE 1, U_SPLY 1, SUPPLY 1, U_SPLY 1, U_SPLY 1, SUPPLY 1, SUPPLY 1, "
609,"SUPPLY 1, TEMPLE 1, SUPPLY 1, U_BASE 1, SUPPLY 1, SUPPLY 1, U_SPLY 1, SUPPLY 1, U_SPLY 1, U_SPLY 1, SUPPLY 1, "
609,"TEMPLE 1, SUPPLY 1, SUPPLY 1, SUPPLY 1, U_BASE 1, SUPPLY 1, SUPPLY 1, U_SPLY 1, U_SPLY 1, U_SPLY 1, SUPPLY 1, "
609,"SUPPLY 1, SUPPLY 1, TEMPLE 1, U_SPLY 1, U_SPLY 1, U_BASE 1, SUPPLY 1, SUPPLY 1, SUPPLY 1, SUPPLY 1, "
609,"U_BASE 1, SUPPLY 1, SUPPLY 1, SUPPLY 1, TEMPLE 1, SUPPLY 1, U_SPLY 1, U_SPLY 1, U_SPLY 1, SUPPLY 1, SUPPLY 1, "
610,"SUPPLY 1, SUPPLY 1, SUPPLY 1, SUPPLY 1, SUPPLY 1, U_BASE 1, SUPPLY 1, TEMPLE 1, "
610,"U_BASE 1, SUPPLY 1, SUPPLY 1, SUPPLY 1, TEMPLE 1, U_SPLY 1, U_SPLY 1, U_SPLY 1, SUPPLY 1, U_SPLY 1, SUPPLY 1, SUPPLY 1, "
610,"SUPPLY 1, SUPPLY 1, SUPPLY 1, U_BASE 1, TEMPLE 1, U_SPLY 1, U_SPLY 1, U_SPLY 1, SUPPLY 1, U_SPLY 1, SUPPLY 1, SUPPLY 1, "
610,"U_BASE 1, SUPPLY 1, SUPPLY 1, SUPPLY 1, TEMPLE 1, U_SPLY 1, U_SPLY 1, U_SPLY 1, SUPPLY 1, U_SPLY 1, SUPPLY 1, SUPPLY 1, "
610,"U_BASE 1, SUPPLY 1, SUPPLY 1, SUPPLY 1, TEMPLE 1, U_SPLY 1, U_SPLY 1, U_SPLY 1, SUPPLY 1, SUPPLY 1, U_SPLY 1, SUPPLY 1, "
610,"SUPPLY 1, U_BASE 1, SUPPLY 1, SUPPLY 1, TEMPLE 1, U_SPLY 1, U_SPLY 1, U_SPLY 1, SUPPLY 1, SUPPLY 1, U_SPLY 1, SUPPLY 1, "
610,"TEMPLE 1, SUPPLY 1, SUPPLY 1, SUPPLY 1, U_BASE 1, SUPPLY 1, U_SPLY 1, U_SPLY 1, U_SPLY 1, SUPPLY 1, SUPPLY 1, "
610,"TEMPLE 1, SUPPLY 1, SUPPLY 1, SUPPLY 1, U_BASE 1, U_SPLY 1, SUPPLY 1, U_SPLY 1, U_SPLY 1, SUPPLY 1, SUPPLY 1, "
610,"SUPPLY 1, U_BASE 1, SUPPLY 1, SUPPLY 1, TEMPLE 1, U_SPLY 1, U_SPLY 1, U_SPLY 1, SUPPLY 1, U_SPLY 1, SUPPLY 1, SUPPLY 1, "
610,"SUPPLY 1, TEMPLE 1, SUPPLY 1, U_SPLY 1, SUPPLY 1, U_SPLY 1, SUPPLY 1, U_SPLY 1, "
611,"TEMPLE 1, SUPPLY 1, SUPPLY 1, SUPPLY 1, SUPPLY 1, U_SPLY 1, U_SPLY 1, U_SPLY 1, U_SPLY 1, "
611,"TEMPLE 1, SUPPLY 1, SUPPLY 1, SUPPLY 1, SUPPLY 1, U_SPLY 1, U_SPLY 1, U_SPLY 1, U_SPLY 1, "
611,"TEMPLE 1, SUPPLY 1, SUPPLY 1, SUPPLY 1, SUPPLY 1, U_SPLY 1, U_SPLY 1, U_SPLY 1, U_SPLY 1, "
611,"SUPPLY 1, TEMPLE 1, SUPPLY 1, U_BASE 1, U_SPLY 1, SUPPLY 1, U_SPLY 1, U_SPLY 1, SUPPLY 1, U_SPLY 1, SUPPLY 1, SUPPLY 1, "
612,"SUPPLY 1, SUPPLY 1, SUPPLY 1, SUPPLY 1, TEMPLE 1, U_BASE 1, SUPPLY 1, SUPPLY 1, "
612,"SUPPLY 1, U_BASE 1, SUPPLY 1, TEMPLE 1, SUPPLY 1, SUPPLY 1, SUPPLY 1, U_SPLY 1, U_SPLY 1, U_SPLY 1, U_SPLY 1, U_SPLY 1, SUPPLY 1, "
612,"SUPPLY 1, SUPPLY 1, SUPPLY 1, SUPPLY 1, SUPPLY 1, U_BASE 1, TEMPLE 1, SUPPLY 1, "
612,"SUPPLY 1, SUPPLY 1, SUPPLY 1, U_BASE 1, TEMPLE 1, U_SPLY 1, U_SPLY 1, SUPPLY 1, SUPPLY 1, U_SPLY 1, SUPPLY 1, "
612,"SUPPLY 1, TEMPLE 1, SUPPLY 1, U_SPLY 1, SUPPLY 1, U_SPLY 1, U_SPLY 1, SUPPLY 1, "
612,"SUPPLY 1, TEMPLE 1, U_SPLY 1, SUPPLY 1, SUPPLY 1, U_SPLY 1, SUPPLY 1, U_SPLY 1, "
612,"U_BASE 1, SUPPLY 1, SUPPLY 1, SUPPLY 1, TEMPLE 1, U_SPLY 1, U_SPLY 1, SUPPLY 1, U_SPLY 1, SUPPLY 1, SUPPLY 1, "
613,"SUPPLY 1, TEMPLE 1, SUPPLY 1, SUPPLY 1, SUPPLY 1, U_SPLY 1, U_SPLY 1, U_SPLY 1, "
613,"SUPPLY 1, U_BASE 1, SUPPLY 1, TEMPLE 1, U_SPLY 1, SUPPLY 1, SUPPLY 1, U_SPLY 1, SUPPLY 1, U_SPLY 1, U_SPLY 1, U_SPLY 1, SUPPLY 1, "
614,"SUPPLY 1, SUPPLY 1, SUPPLY 1, SUPPLY 1, TEMPLE 1, U_SPLY 1, U_SPLY 1, "
614,"TEMPLE 1, SUPPLY 1, SUPPLY 1, SUPPLY 1, U_BASE 1, U_SPLY 1, U_SPLY 1, SUPPLY 1, U_SPLY 1, SUPPLY 1, SUPPLY 1, "
614,"TEMPLE 1, SUPPLY 1, SUPPLY 1, SUPPLY 1, U_BASE 1, U_SPLY 1, U_SPLY 1, SUPPLY 1, U_SPLY 1, SUPPLY 1, SUPPLY 1, "
614,"SUPPLY 1, SUPPLY 1, U_BASE 1, SUPPLY 1, SUPPLY 1, TEMPLE 1, SUPPLY 1, U_SPLY 1, U_SPLY 1, U_SPLY 1, "
614,"SUPPLY 1, TEMPLE 1, U_SPLY 1, SUPPLY 1, U_BASE 1, SUPPLY 1, U_SPLY 1, U_SPLY 1, SUPPLY 1, SUPPLY 1, SUPPLY 1, "
614,"SUPPLY 1, SUPPLY 1, TEMPLE 1, SUPPLY 1, SUPPLY 1, U_SPLY 1, U_SPLY 1, U_SPLY 1, U_SPLY 1, U_BASE 1, "
614,"SUPPLY 1, SUPPLY 1, TEMPLE 1, U_BASE 1, U_SPLY 1, U_SPLY 1, SUPPLY 1, SUPPLY 1, SUPPLY 1, SUPPLY 1, "
614,"U_BASE 1, SUPPLY 1, SUPPLY 1, TEMPLE 1, SUPPLY 1, SUPPLY 1, U_SPLY 1, U_SPLY 1, U_SPLY 1, U_SPLY 1, SUPPLY 1, U_SPLY 1, SUPPLY 1, "
615,"U_BASE 1, SUPPLY 1, SUPPLY 1, SUPPLY 1, TEMPLE 1, U_SPLY 1, SUPPLY 1, SUPPLY 1, U_SPLY 1, SUPPLY 1, "
615,"SUPPLY 1, U_BASE 1, SUPPLY 1, SUPPLY 1, TEMPLE 1, U_SPLY 1, SUPPLY 1, U_SPLY 1, SUPPLY 1, SUPPLY 1, "
615,"SUPPLY 1, TEMPLE 1, U_SPLY 1, SUPPLY 1, SUPPLY 1, U_BASE 1, SUPPLY 1, SUPPLY 1, SUPPLY 1, "
615,"SUPPLY 1, SUPPLY 1, U_BASE 1, SUPPLY 1, TEMPLE 1, SUPPLY 1, U_SPLY 1, SUPPLY 1, U_SPLY 1, SUPPLY 1, "
615,"SUPPLY 1, SUPPLY 1, U_BASE 1, SUPPLY 1, TEMPLE 1, U_SPLY 1, SUPPLY 1, SUPPLY 1, U_SPLY 1, SUPPLY 1, "
616,"SUPPLY 1, SUPPLY 1, SUPPLY 1, TEMPLE 1, SUPPLY 1, U_SPLY 1, U_SPLY 1, "
616,"SUPPLY 1, SUPPLY 1, U_BASE 1, TEMPLE 1, U_SPLY 1, SUPPLY 1, U_SPLY 1, SUPPLY 1, U_SPLY 1, U_SPLY 1, SUPPLY 1, U_SPLY 1, SUPPLY 1, "
616,"SUPPLY 1, U_BASE 1, SUPPLY 1, TEMPLE 1, U_SPLY 1, SUPPLY 1, SUPPLY 1, U_SPLY 1, U_SPLY 1, U_SPLY 1, SUPPLY 1, U_SPLY 1, SUPPLY 1, "
616,"TEMPLE 1, SUPPLY 1, SUPPLY 1, SUPPLY 1, U_BASE 1, U_SPLY 1, SUPPLY 1, U_SPLY 1, SUPPLY 1, SUPPLY 1, "
616,"U_BASE 1, SUPPLY 1, SUPPLY 1, TEMPLE 1, U_SPLY 1, SUPPLY 1, SUPPLY 1, U_SPLY 1, U_SPLY 1, U_SPLY 1, SUPPLY 1, U_SPLY 1, SUPPLY 1, "
616,"SUPPLY 1, U_BASE 1, SUPPLY 1, SUPPLY 1, TEMPLE 1, SUPPLY 1, SUPPLY 1, U_SPLY 1, U_SPLY 1, SUPPLY 1, "
616,"TEMPLE 1, SUPPLY 1, SUPPLY 1, SUPPLY 1, U_BASE 1, U_SPLY 1, SUPPLY 1, SUPPLY 1, U_SPLY 1, SUPPLY 1, "
617,"SUPPLY 1, SUPPLY 1, U_BASE 1, TEMPLE 1, SUPPLY 1, U_SPLY 1, U_SPLY 1, SUPPLY 1, SUPPLY 1, U_SPLY 1, U_SPLY 1, SUPPLY 1, "
617,"SUPPLY 1, SUPPLY 1, U_BASE 1, SUPPLY 1, TEMPLE 1, U_SPLY 1, U_SPLY 1, U_SPLY 1, SUPPLY 1, SUPPLY 1, SUPPLY 1, "
617,"U_BASE 1, SUPPLY 1, SUPPLY 1, SUPPLY 1, SUPPLY 1, SUPPLY 1, TEMPLE 1, U_SPLY 1, SUPPLY 1, "
617,"SUPPLY 1, SUPPLY 1, SUPPLY 1, U_BASE 1, TEMPLE 1, U_SPLY 1, U_SPLY 1, U_SPLY 1, SUPPLY 1, SUPPLY 1, SUPPLY 1, "
617,"U_BASE 1, SUPPLY 1, SUPPLY 1, TEMPLE 1, SUPPLY 1, U_SPLY 1, U_SPLY 1, SUPPLY 1, U_SPLY 1, SUPPLY 1, U_SPLY 1, SUPPLY 1, "
617,"SUPPLY 1, U_BASE 1, SUPPLY 1, SUPPLY 1, SUPPLY 1, SUPPLY 1, TEMPLE 1, U_SPLY 1, SUPPLY 1, "
617,"SUPPLY 1, U_BASE 1, SUPPLY 1, TEMPLE 1, SUPPLY 1, U_SPLY 1, U_SPLY 1, SUPPLY 1, SUPPLY 1, U_SPLY 1, U_SPLY 1, SUPPLY 1, "
617,"SUPPLY 1, U_BASE 1, SUPPLY 1, TEMPLE 1, SUPPLY 1, SUPPLY 1, SUPPLY 1, U_SPLY 1, U_SPLY 1, U_SPLY 1, U_SPLY 1, SUPPLY 1, "
617,"SUPPLY 1, SUPPLY 1, U_BASE 1, SUPPLY 1, SUPPLY 1, SUPPLY 1, TEMPLE 1, U_SPLY 1, SUPPLY 1, "
617,"U_BASE 1, SUPPLY 1, SUPPLY 1, SUPPLY 1, TEMPLE 1, U_SPLY 1, U_SPLY 1, U_SPLY 1, SUPPLY 1, SUPPLY 1, SUPPLY 1, "
618,"SUPPLY 1, U_BASE 1, SUPPLY 1, TEMPLE 1, SUPPLY 1, SUPPLY 1, U_SPLY 1, U_SPLY 1, U_SPLY 1, U_SPLY 1, SUPPLY 1, SUPPLY 1, "
618,"SUPPLY 1, TEMPLE 1, SUPPLY 1, SUPPLY 1, SUPPLY 1, U_BASE 1, SUPPLY 1, U_SPLY 1, SUPPLY 1, "
618,"TEMPLE 1, SUPPLY 1, SUPPLY 1, U_BASE 1, SUPPLY 1, SUPPLY 1, U_SPLY 1, U_SPLY 1, U_SPLY 1, SUPPLY 1, U_SPLY 1, SUPPLY 1, "
618,"U_BASE 1, SUPPLY 1, SUPPLY 1, TEMPLE 1, SUPPLY 1, SUPPLY 1, U_SPLY 1, U_SPLY 1, U_SPLY 1, U_SPLY 1, SUPPLY 1, SUPPLY 1, "
618,"TEMPLE 1, SUPPLY 1, SUPPLY 1, SUPPLY 1, U_BASE 1, U_SPLY 1, U_SPLY 1, U_SPLY 1, SUPPLY 1, SUPPLY 1, SUPPLY 1, "
618,"SUPPLY 1, SUPPLY 1, SUPPLY 1, TEMPLE 1, SUPPLY 1, U_SPLY 1, U_SPLY 1, U_BASE 1, U_SPLY 1, U_SPLY 1, "
618,"SUPPLY 1, U_BASE 1, SUPPLY 1, TEMPLE 1, SUPPLY 1, U_SPLY 1, U_SPLY 1, SUPPLY 1, U_SPLY 1, U_SPLY 1, SUPPLY 1, SUPPLY 1, "
619,"SUPPLY 1, U_BASE 1, SUPPLY 1, SUPPLY 1, SUPPLY 1, TEMPLE 1, SUPPLY 1, U_SPLY 1, SUPPLY 1, "
619,"U_BASE 1, SUPPLY 1, SUPPLY 1, SUPPLY 1, SUPPLY 1, TEMPLE 1, U_SPLY 1, SUPPLY 1, SUPPLY 1, "
619,"U_BASE 1, SUPPLY 1, SUPPLY 1, SUPPLY 1, SUPPLY 1, TEMPLE 1, SUPPLY 1, U_SPLY 1, SUPPLY 1, "
619,"SUPPLY 1, SUPPLY 1, U_BASE 1, SUPPLY 1, SUPPLY 1, TEMPLE 1, U_SPLY 1, SUPPLY 1, SUPPLY 1, "
619,"SUPPLY 1, SUPPLY 1, SUPPLY 1, TEMPLE 1, SUPPLY 1, U_BASE 1, SUPPLY 1, SUPPLY 1, "
620,"SUPPLY 1, SUPPLY 1, U_BASE 1, TEMPLE 1, U_SPLY 1, SUPPLY 1, SUPPLY 1, U_SPLY 1, U_SPLY 1, U_SPLY 1, SUPPLY 1, SUPPLY 1, "
620,"SUPPLY 1, TEMPLE 1, SUPPLY 1, U_SPLY 1, U_BASE 1, SUPPLY 1, U_SPLY 1, SUPPLY 1, SUPPLY 1, SUPPLY 1, "
620,"SUPPLY 1, SUPPLY 1, TEMPLE 1, U_SPLY 1, U_BASE 1, SUPPLY 1, SUPPLY 1, SUPPLY 1, SUPPLY 1, "
620,"SUPPLY 1, U_BASE 1, SUPPLY 1, TEMPLE 1, U_SPLY 1, SUPPLY 1, SUPPLY 1, U_SPLY 1, U_SPLY 1, U_SPLY 1, SUPPLY 1, SUPPLY 1, "
621,"U_BASE 1, SUPPLY 1, SUPPLY 1, SUPPLY 1, TEMPLE 1, U_SPLY 1, U_SPLY 1, SUPPLY 1, SUPPLY 1, SUPPLY 1, "
621,"SUPPLY 1, U_BASE 1, SUPPLY 1, SUPPLY 1, TEMPLE 1, U_SPLY 1, U_SPLY 1, SUPPLY 1, SUPPLY 1, SUPPLY 1, "
621,"SUPPLY 1, TEMPLE 1, U_SPLY 1, SUPPLY 1, U_BASE 1, SUPPLY 1, U_SPLY 1, SUPPLY 1, SUPPLY 1, SUPPLY 1, "
622,"SUPPLY 1, TEMPLE 1, SUPPLY 1, U_SPLY 1, U_SPLY 1, U_BASE 1, SUPPLY 1, SUPPLY 1, SUPPLY 1, SUPPLY 1, "
622,"U_BASE 1, SUPPLY 1, SUPPLY 1, TEMPLE 1, SUPPLY 1, SUPPLY 1, U_SPLY 1, U_SPLY 1, SUPPLY 1, U_SPLY 1, SUPPLY 1, "
622,"SUPPLY 1, U_BASE 1, SUPPLY 1, TEMPLE 1, SUPPLY 1, U_SPLY 1, U_SPLY 1, U_SPLY 1, SUPPLY 1, SUPPLY 1, U_SPLY 1, SUPPLY 1, "
622,"SUPPLY 1, SUPPLY 1, U_BASE 1, TEMPLE 1, SUPPLY 1, U_SPLY 1, U_SPLY 1, U_SPLY 1, SUPPLY 1, U_SPLY 1, SUPPLY 1, SUPPLY 1, "
622,"SUPPLY 1, TEMPLE 1, U_SPLY 1, SUPPLY 1, U_BASE 1, SUPPLY 1, SUPPLY 1, U_SPLY 1, SUPPLY 1, SUPPLY 1, "
622,"U_BASE 1, SUPPLY 1, SUPPLY 1, TEMPLE 1, SUPPLY 1, SUPPLY 1, U_SPLY 1, SUPPLY 1, U_SPLY 1, U_SPLY 1, SUPPLY 1, "
622,"SUPPLY 1, SUPPLY 1, U_BASE 1, TEMPLE 1, SUPPLY 1, U_SPLY 1, U_SPLY 1, U_SPLY 1, SUPPLY 1, U_SPLY 1, SUPPLY 1, SUPPLY 1, "
623,"TEMPLE 1, SUPPLY 1, SUPPLY 1, SUPPLY 1, SUPPLY 1, U_SPLY 1, U_SPLY 1, U_SPLY 1, "
623,"SUPPLY 1, TEMPLE 1, U_SPLY 1, SUPPLY 1, U_SPLY 1, U_BASE 1, SUPPLY 1, SUPPLY 1, SUPPLY 1, SUPPLY 1, "
623,"TEMPLE 1, SUPPLY 1, SUPPLY 1, SUPPLY 1, SUPPLY 1, U_SPLY 1, U_SPLY 1, U_SPLY 1, "
623,"SUPPLY 1, U_BASE 1, SUPPLY 1, TEMPLE 1, SUPPLY 1, U_SPLY 1, U_SPLY 1, SUPPLY 1, SUPPLY 1, U_SPLY 1, U_SPLY 1, U_SPLY 1, "
623,"TEMPLE 1, SUPPLY 1, SUPPLY 1, SUPPLY 1, SUPPLY 1, U_SPLY 1, U_SPLY 1, U_SPLY 1, "
623,"TEMPLE 1, SUPPLY 1, SUPPLY 1, SUPPLY 1, SUPPLY 1, U_SPLY 1, U_SPLY 1, U_SPLY 1, "
623,"SUPPLY 1, TEMPLE 1, U_SPLY 1, SUPPLY 1, U_SPLY 1, U_BASE 1, SUPPLY 1, SUPPLY 1, SUPPLY 1, SUPPLY 1, "
623,"SUPPLY 1, TEMPLE 1, SUPPLY 1, U_SPLY 1, U_BASE 1, U_SPLY 1, SUPPLY 1, SUPPLY 1, SUPPLY 1, SUPPLY 1, "
623,"SUPPLY 1, TEMPLE 1, U_SPLY 1, SUPPLY 1, U_SPLY 1, U_BASE 1, SUPPLY 1, SUPPLY 1, SUPPLY 1, SUPPLY 1, "
624,"U_BASE 1, SUPPLY 1, SUPPLY 1, SUPPLY 1, SUPPLY 1, SUPPLY 1, SUPPLY 1, TEMPLE 1, "
624,"SUPPLY 1, U_BASE 1, SUPPLY 1, SUPPLY 1, SUPPLY 1, SUPPLY 1, SUPPLY 1, TEMPLE 1, "
624,"SUPPLY 1, SUPPLY 1, U_BASE 1, SUPPLY 1, SUPPLY 1, SUPPLY 1, SUPPLY 1, TEMPLE 1, "
624,"SUPPLY 1, SUPPLY 1, SUPPLY 1, U_BASE 1, SUPPLY 1, SUPPLY 1, SUPPLY 1, TEMPLE 1, "
624,"U_BASE 1, SUPPLY 1, SUPPLY 1, TEMPLE 1, U_SPLY 1, SUPPLY 1, U_SPLY 1, U_SPLY 1, SUPPLY 1, U_SPLY 1, SUPPLY 1, SUPPLY 1, "
624,"SUPPLY 1, SUPPLY 1, U_BASE 1, SUPPLY 1, SUPPLY 1, TEMPLE 1, U_SPLY 1, SUPPLY 1, U_SPLY 1, "
624,"SUPPLY 1, SUPPLY 1, SUPPLY 1, SUPPLY 1, U_BASE 1, SUPPLY 1, SUPPLY 1, TEMPLE 1, "
625,"TEMPLE 1, SUPPLY 1, SUPPLY 1, SUPPLY 1, SUPPLY 1, U_BASE 1, SUPPLY 1, U_SPLY 1, SUPPLY 1, "
625,"SUPPLY 1, TEMPLE 1, SUPPLY 1, U_SPLY 1, SUPPLY 1, SUPPLY 1, U_SPLY 1, "
625,"TEMPLE 1, SUPPLY 1, SUPPLY 1, U_BASE 1, SUPPLY 1, SUPPLY 1, SUPPLY 1, U_SPLY 1, U_SPLY 1, U_SPLY 1, SUPPLY 1, "
625,"U_BASE 1, SUPPLY 1, SUPPLY 1, SUPPLY 1, TEMPLE 1, U_SPLY 1, U_SPLY 1, SUPPLY 1, U_SPLY 1, SUPPLY 1, "
625,"TEMPLE 1, SUPPLY 1, SUPPLY 1, SUPPLY 1, SUPPLY 1, U_BASE 1, SUPPLY 1, U_SPLY 1, SUPPLY 1, "
625,"TEMPLE 1, SUPPLY 1, SUPPLY 1, U_BASE 1, SUPPLY 1, SUPPLY 1, SUPPLY 1, U_SPLY 1, U_SPLY 1, U_SPLY 1, SUPPLY 1, "
625,"TEMPLE 1, SUPPLY 1, SUPPLY 1, SUPPLY 1, SUPPLY 1, U_BASE 1, U_SPLY 1, SUPPLY 1, SUPPLY 1, "
625,"TEMPLE 1, SUPPLY 1, SUPPLY 1, SUPPLY 1, SUPPLY 1, U_BASE 1, U_SPLY 1, SUPPLY 1, SUPPLY 1, "
626,"SUPPLY 1, TEMPLE 1, U_SPLY 1, SUPPLY 1, SUPPLY 1, SUPPLY 1, U_SPLY 1, U_SPLY 1, U_SPLY 1, U_BASE 1, "
626,"SUPPLY 1, U_BASE 1, SUPPLY 1, SUPPLY 1, TEMPLE 1, U_SPLY 1, SUPPLY 1, SUPPLY 1, SUPPLY 1, "
626,"SUPPLY 1, SUPPLY 1, U_BASE 1, TEMPLE 1, U_SPLY 1, SUPPLY 1, U_SPLY 1, SUPPLY 1, U_SPLY 1, SUPPLY 1, SUPPLY 1, "
626,"SUPPLY 1, U_BASE 1, SUPPLY 1, TEMPLE 1, U_SPLY 1, SUPPLY 1, U_SPLY 1, SUPPLY 1, SUPPLY 1, U_SPLY 1, SUPPLY 1, "
626,"SUPPLY 1, U_BASE 1, SUPPLY 1, SUPPLY 1, TEMPLE 1, SUPPLY 1, U_SPLY 1, SUPPLY 1, SUPPLY 1, "
626,"U_BASE 1, SUPPLY 1, SUPPLY 1, SUPPLY 1, TEMPLE 1, SUPPLY 1, U_SPLY 1, SUPPLY 1, SUPPLY 1, "
627,"U_BASE 1, SUPPLY 1, SUPPLY 1, SUPPLY 1, SUPPLY 1, SUPPLY 1, TEMPLE 1, SUPPLY 1, "
627,"SUPPLY 1, TEMPLE 1, SUPPLY 1, U_BASE 1, U_SPLY 1, U_SPLY 1, SUPPLY 1, SUPPLY 1, U_SPLY 1, SUPPLY 1, U_SPLY 1, "
627,"SUPPLY 1, U_BASE 1, SUPPLY 1, SUPPLY 1, SUPPLY 1, SUPPLY 1, TEMPLE 1, SUPPLY 1, "
627,"TEMPLE 1, SUPPLY 1, SUPPLY 1, SUPPLY 1, U_BASE 1, U_SPLY 1, SUPPLY 1, SUPPLY 1, SUPPLY 1, "
627,"SUPPLY 1, SUPPLY 1, U_BASE 1, SUPPLY 1, SUPPLY 1, SUPPLY 1, TEMPLE 1, SUPPLY 1, "
627,"SUPPLY 1, U_BASE 1, SUPPLY 1, SUPPLY 1, TEMPLE 1, SUPPLY 1, SUPPLY 1, U_SPLY 1, SUPPLY 1, "
627,"SUPPLY 1, SUPPLY 1, SUPPLY 1, U_BASE 1, SUPPLY 1, SUPPLY 1, TEMPLE 1, SUPPLY 1, "
627,"SUPPLY 1, SUPPLY 1, TEMPLE 1, U_BASE 1, SUPPLY 1, U_SPLY 1, SUPPLY 1, SUPPLY 1, "
627,"SUPPLY 1, SUPPLY 1, SUPPLY 1, U_BASE 1, TEMPLE 1, SUPPLY 1, SUPPLY 1, U_SPLY 1, SUPPLY 1, "
628,"TEMPLE 1, SUPPLY 1, SUPPLY 1, U_BASE 1, U_SPLY 1, SUPPLY 1, U_SPLY 1, SUPPLY 1, SUPPLY 1, U_SPLY 1, SUPPLY 1, "
628,"U_BASE 1, SUPPLY 1, SUPPLY 1, TEMPLE 1, U_SPLY 1, U_SPLY 1, SUPPLY 1, SUPPLY 1, U_SPLY 1, SUPPLY 1, U_SPLY 1, SUPPLY 1, "
628,"TEMPLE 1, SUPPLY 1, SUPPLY 1, U_BASE 1, U_SPLY 1, SUPPLY 1, U_SPLY 1, SUPPLY 1, U_SPLY 1, SUPPLY 1, SUPPLY 1, "
628,"SUPPLY 1, SUPPLY 1, U_BASE 1, TEMPLE 1, U_SPLY 1, U_SPLY 1, SUPPLY 1, SUPPLY 1, U_SPLY 1, SUPPLY 1, U_SPLY 1, SUPPLY 1, "
628,"SUPPLY 1, U_BASE 1, SUPPLY 1, TEMPLE 1, U_SPLY 1, U_SPLY 1, SUPPLY 1, SUPPLY 1, U_SPLY 1, SUPPLY 1, U_SPLY 1, SUPPLY 1, "
628,"SUPPLY 1, U_BASE 1, SUPPLY 1, TEMPLE 1, U_SPLY 1, U_SPLY 1, SUPPLY 1, U_SPLY 1, SUPPLY 1, SUPPLY 1, U_SPLY 1, SUPPLY 1, "
628,"U_BASE 1, SUPPLY 1, SUPPLY 1, TEMPLE 1, U_SPLY 1, U_SPLY 1, SUPPLY 1, U_SPLY 1, SUPPLY 1, SUPPLY 1, U_SPLY 1, SUPPLY 1, "
628,"SUPPLY 1, SUPPLY 1, U_BASE 1, TEMPLE 1, U_SPLY 1, U_SPLY 1, SUPPLY 1, U_SPLY 1, SUPPLY 1, SUPPLY 1, U_SPLY 1, SUPPLY 1, "
628,"TEMPLE 1, SUPPLY 1, SUPPLY 1, SUPPLY 1, U_BASE 1, SUPPLY 1, SUPPLY 1, U_SPLY 1, SUPPLY 1, "
628,"TEMPLE 1, SUPPLY 1, SUPPLY 1, U_BASE 1, U_SPLY 1, SUPPLY 1, U_SPLY 1, SUPPLY 1, SUPPLY 1, U_SPLY 1, SUPPLY 1, "
629,"SUPPLY 1, SUPPLY 1, U_BASE 1, TEMPLE 1, U_SPLY 1, U_SPLY 1, SUPPLY 1, U_SPLY 1, SUPPLY 1, U_SPLY 1, SUPPLY 1, SUPPLY 1, "
629,"U_BASE 1, SUPPLY 1, SUPPLY 1, TEMPLE 1, U_SPLY 1, U_SPLY 1, SUPPLY 1, U_SPLY 1, SUPPLY 1, U_SPLY 1, SUPPLY 1, SUPPLY 1, "
629,"SUPPLY 1, SUPPLY 1, U_BASE 1, TEMPLE 1, U_SPLY 1, U_SPLY 1, SUPPLY 1, SUPPLY 1, SUPPLY 1, U_SPLY 1, U_SPLY 1, SUPPLY 1, "
629,"U_BASE 1, SUPPLY 1, SUPPLY 1, TEMPLE 1, U_SPLY 1, U_SPLY 1, SUPPLY 1, SUPPLY 1, U_SPLY 1, U_SPLY 1, SUPPLY 1, SUPPLY 1, "
629,"SUPPLY 1, U_BASE 1, SUPPLY 1, TEMPLE 1, U_SPLY 1, U_SPLY 1, SUPPLY 1, SUPPLY 1, SUPPLY 1, U_SPLY 1, U_SPLY 1, SUPPLY 1, "
629,"U_BASE 1, SUPPLY 1, SUPPLY 1, TEMPLE 1, U_SPLY 1, U_SPLY 1, SUPPLY 1, SUPPLY 1, U_SPLY 1, U_SPLY 1, SUPPLY 1, SUPPLY 1, "
629,"U_BASE 1, SUPPLY 1, SUPPLY 1, TEMPLE 1, U_SPLY 1, U_SPLY 1, SUPPLY 1, SUPPLY 1, SUPPLY 1, U_SPLY 1, U_SPLY 1, SUPPLY 1, "
629,"U_BASE 1, SUPPLY 1, SUPPLY 1, TEMPLE 1, U_SPLY 1, U_SPLY 1, SUPPLY 1, U_SPLY 1, SUPPLY 1, U_SPLY 1, SUPPLY 1, SUPPLY 1, "
629,"SUPPLY 1, U_BASE 1, SUPPLY 1, TEMPLE 1, U_SPLY 1, U_SPLY 1, SUPPLY 1, SUPPLY 1, U_SPLY 1, U_SPLY 1, SUPPLY 1, SUPPLY 1, "
630,"SUPPLY 1, TEMPLE 1, SUPPLY 1, U_BASE 1, U_SPLY 1, SUPPLY 1, U_SPLY 1, U_SPLY 1, SUPPLY 1, SUPPLY 1, "
630,"TEMPLE 1, SUPPLY 1, SUPPLY 1, U_BASE 1, U_SPLY 1, U_SPLY 1, SUPPLY 1, SUPPLY 1, U_SPLY 1, U_SPLY 1, SUPPLY 1, SUPPLY 1, "
630,"U_BASE 1, SUPPLY 1, SUPPLY 1, TEMPLE 1, SUPPLY 1, SUPPLY 1, U_SPLY 1, U_SPLY 1, SUPPLY 1, SUPPLY 1, "
630,"TEMPLE 1, SUPPLY 1, SUPPLY 1, U_BASE 1, U_SPLY 1, U_SPLY 1, SUPPLY 1, U_SPLY 1, SUPPLY 1, U_SPLY 1, SUPPLY 1, SUPPLY 1, "
631,"SUPPLY 1, SUPPLY 1, SUPPLY 1, U_BASE 1, SUPPLY 1, TEMPLE 1, SUPPLY 1, SUPPLY 1, "
631,"SUPPLY 1, SUPPLY 1, SUPPLY 1, SUPPLY 1, U_BASE 1, TEMPLE 1, SUPPLY 1, SUPPLY 1, "
631,"SUPPLY 1, U_BASE 1, SUPPLY 1, SUPPLY 1, SUPPLY 1, TEMPLE 1, SUPPLY 1, SUPPLY 1, "
631,"SUPPLY 1, SUPPLY 1, U_BASE 1, SUPPLY 1, TEMPLE 1, U_SPLY 1, SUPPLY 1, SUPPLY 1, U_SPLY 1, "
631,"SUPPLY 1, U_BASE 1, SUPPLY 1, SUPPLY 1, TEMPLE 1, U_SPLY 1, SUPPLY 1, SUPPLY 1, U_SPLY 1, "
631,"U_BASE 1, SUPPLY 1, SUPPLY 1, SUPPLY 1, SUPPLY 1, TEMPLE 1, SUPPLY 1, SUPPLY 1, "
631,"SUPPLY 1, TEMPLE 1, SUPPLY 1, SUPPLY 1, U_SPLY 1, U_BASE 1, SUPPLY 1, SUPPLY 1, "
631,"TEMPLE 1, SUPPLY 1, SUPPLY 1, U_BASE 1, SUPPLY 1, SUPPLY 1, U_SPLY 1, U_SPLY 1, SUPPLY 1, SUPPLY 1, "
631,"SUPPLY 1, U_BASE 1, SUPPLY 1, SUPPLY 1, TEMPLE 1, U_SPLY 1, SUPPLY 1, U_SPLY 1, SUPPLY 1, "
632,"U_BASE 1, SUPPLY 1, SUPPLY 1, TEMPLE 1, SUPPLY 1, SUPPLY 1, SUPPLY 1, U_SPLY 1, U_SPLY 1, SUPPLY 1, "
633,"SUPPLY 1, SUPPLY 1, U_BASE 1, TEMPLE 1, SUPPLY 1, U_SPLY 1, U_SPLY 1, SUPPLY 1, SUPPLY 1, SUPPLY 1, "
633,"U_BASE 1, SUPPLY 1, SUPPLY 1, TEMPLE 1, SUPPLY 1, U_SPLY 1, U_SPLY 1, SUPPLY 1, SUPPLY 1, SUPPLY 1, "
634,"SUPPLY 1, TEMPLE 1, U_SPLY 1, U_BASE 1, SUPPLY 1, SUPPLY 1, U_SPLY 1, SUPPLY 1, SUPPLY 1, U_SPLY 1, U_SPLY 1, U_SPLY 1, SUPPLY 1, "
634,"U_BASE 1, SUPPLY 1, SUPPLY 1, TEMPLE 1, U_SPLY 1, SUPPLY 1, SUPPLY 1, U_SPLY 1, SUPPLY 1, SUPPLY 1, "
634,"SUPPLY 1, TEMPLE 1, U_SPLY 1, SUPPLY 1, U_BASE 1, SUPPLY 1, SUPPLY 1, SUPPLY 1, SUPPLY 1, "
634,"SUPPLY 1, SUPPLY 1, U_BASE 1, TEMPLE 1, U_SPLY 1, SUPPLY 1, SUPPLY 1, SUPPLY 1, U_SPLY 1, SUPPLY 1, "
634,"U_BASE 1, SUPPLY 1, SUPPLY 1, TEMPLE 1, U_SPLY 1, SUPPLY 1, SUPPLY 1, SUPPLY 1, U_SPLY 1, SUPPLY 1, "
634,"TEMPLE 1, SUPPLY 1, SUPPLY 1, U_BASE 1, SUPPLY 1, U_SPLY 1, U_SPLY 1, U_SPLY 1, SUPPLY 1, U_SPLY 1, SUPPLY 1, "
634,"TEMPLE 1, SUPPLY 1, SUPPLY 1, U_BASE 1, SUPPLY 1, U_SPLY 1, U_SPLY 1, SUPPLY 1, SUPPLY 1, SUPPLY 1, "
635,"U_BASE 1, SUPPLY 1, SUPPLY 1, TEMPLE 1, U_SPLY 1, U_SPLY 1, SUPPLY 1, SUPPLY 1, U_SPLY 1, SUPPLY 1, SUPPLY 1, "
635,"SUPPLY 1, U_BASE 1, SUPPLY 1, TEMPLE 1, U_SPLY 1, U_SPLY 1, SUPPLY 1, U_SPLY 1, SUPPLY 1, SUPPLY 1, SUPPLY 1, "
635,"TEMPLE 1, SUPPLY 1, SUPPLY 1, U_BASE 1, U_SPLY 1, SUPPLY 1, SUPPLY 1, SUPPLY 1, U_SPLY 1, SUPPLY 1, "
636,"SUPPLY 1, SUPPLY 1, U_BASE 1, SUPPLY 1, SUPPLY 1, TEMPLE 1, U_SPLY 1, SUPPLY 1, "
636,"TEMPLE 1, SUPPLY 1, SUPPLY 1, U_BASE 1, U_SPLY 1, SUPPLY 1, U_SPLY 1, SUPPLY 1, SUPPLY 1, SUPPLY 1, "
636,"SUPPLY 1, TEMPLE 1, U_SPLY 1, U_BASE 1, SUPPLY 1, SUPPLY 1, SUPPLY 1, U_SPLY 1, U_SPLY 1, U_SPLY 1, SUPPLY 1, U_SPLY 1, SUPPLY 1, "
636,"SUPPLY 1, U_BASE 1, SUPPLY 1, TEMPLE 1, U_SPLY 1, U_SPLY 1, SUPPLY 1, SUPPLY 1, SUPPLY 1, U_SPLY 1, SUPPLY 1, "
636,"TEMPLE 1, SUPPLY 1, SUPPLY 1, U_BASE 1, U_SPLY 1, SUPPLY 1, U_SPLY 1, SUPPLY 1, SUPPLY 1, SUPPLY 1, "
636,"U_BASE 1, SUPPLY 1, SUPPLY 1, TEMPLE 1, U_SPLY 1, U_SPLY 1, SUPPLY 1, SUPPLY 1, SUPPLY 1, U_SPLY 1, SUPPLY 1, "
636,"SUPPLY 1, U_BASE 1, SUPPLY 1, SUPPLY 1, SUPPLY 1, TEMPLE 1, U_SPLY 1, SUPPLY 1, "
638,"TEMPLE 1, SUPPLY 1, SUPPLY 1, SUPPLY 1, SUPPLY 1, U_SPLY 1, U_SPLY 1, "
638,"TEMPLE 1, SUPPLY 1, SUPPLY 1, SUPPLY 1, SUPPLY 1, U_BASE 1, SUPPLY 1, SUPPLY 1, "
638,"TEMPLE 1, SUPPLY 1, SUPPLY 1, SUPPLY 1, SUPPLY 1, U_BASE 1, SUPPLY 1, SUPPLY 1, "
638,"TEMPLE 1, SUPPLY 1, SUPPLY 1, SUPPLY 1, SUPPLY 1, U_SPLY 1, U_SPLY 1, "
638,"TEMPLE 1, SUPPLY 1, SUPPLY 1, SUPPLY 1, SUPPLY 1, U_BASE 1, SUPPLY 1, SUPPLY 1, "
638,"TEMPLE 1, SUPPLY 1, SUPPLY 1, SUPPLY 1, SUPPLY 1, U_BASE 1, SUPPLY 1, SUPPLY 1, "
638,"TEMPLE 1, SUPPLY 1, SUPPLY 1, SUPPLY 1, SUPPLY 1, U_BASE 1, SUPPLY 1, SUPPLY 1, "
638,"TEMPLE 1, SUPPLY 1, SUPPLY 1, SUPPLY 1, SUPPLY 1, U_BASE 1, SUPPLY 1, SUPPLY 1, "
638,"TEMPLE 1, SUPPLY 1, SUPPLY 1, SUPPLY 1, SUPPLY 1, U_BASE 1, SUPPLY 1, SUPPLY 1, "
638,"TEMPLE 1, SUPPLY 1, SUPPLY 1, SUPPLY 1, SUPPLY 1, U_SPLY 1, U_SPLY 1, "
638,"TEMPLE 1, SUPPLY 1, SUPPLY 1, SUPPLY 1, SUPPLY 1, U_SPLY 1, U_SPLY 1, "
638,"TEMPLE 1, SUPPLY 1, SUPPLY 1, SUPPLY 1, SUPPLY 1, U_BASE 1, SUPPLY 1, SUPPLY 1, "
638,"TEMPLE 1, SUPPLY 1, SUPPLY 1, SUPPLY 1, SUPPLY 1, U_SPLY 1, U_SPLY 1, "
638,"TEMPLE 1, SUPPLY 1, SUPPLY 1, SUPPLY 1, SUPPLY 1, U_SPLY 1, U_SPLY 1, "
638,"TEMPLE 1, SUPPLY 1, SUPPLY 1, SUPPLY 1, SUPPLY 1, U_BASE 1, SUPPLY 1, SUPPLY 1, "
640,"SUPPLY 1, U_BASE 1, SUPPLY 1, SUPPLY 1, TEMPLE 1, SUPPLY 1, SUPPLY 1, SUPPLY 1, "
640,"SUPPLY 1, TEMPLE 1, U_SPLY 1, U_BASE 1, SUPPLY 1, SUPPLY 1, SUPPLY 1, U_SPLY 1, SUPPLY 1, U_SPLY 1, U_SPLY 1, SUPPLY 1, "
640,"U_BASE 1, SUPPLY 1, SUPPLY 1, TEMPLE 1, U_SPLY 1, U_SPLY 1, SUPPLY 1, SUPPLY 1, SUPPLY 1, U_SPLY 1, U_SPLY 1, "
640,"U_BASE 1, SUPPLY 1, SUPPLY 1, SUPPLY 1, TEMPLE 1, SUPPLY 1, SUPPLY 1, SUPPLY 1, "
641,"TEMPLE 1, SUPPLY 1, SUPPLY 1, SUPPLY 1, U_BASE 1, SUPPLY 1, SUPPLY 1, SUPPLY 1, "
641,"TEMPLE 1, SUPPLY 1, SUPPLY 1, SUPPLY 1, U_BASE 1, SUPPLY 1, SUPPLY 1, SUPPLY 1, "
641,"TEMPLE 1, SUPPLY 1, SUPPLY 1, SUPPLY 1, U_BASE 1, SUPPLY 1, SUPPLY 1, SUPPLY 1, "
641,"TEMPLE 1, SUPPLY 1, SUPPLY 1, SUPPLY 1, U_BASE 1, SUPPLY 1, SUPPLY 1, SUPPLY 1, "
641,"TEMPLE 1, SUPPLY 1, SUPPLY 1, U_BASE 1, U_SPLY 1, U_SPLY 1, SUPPLY 1, U_SPLY 1, SUPPLY 1, U_SPLY 1, SUPPLY 1, "
641,"SUPPLY 1, SUPPLY 1, U_BASE 1, TEMPLE 1, SUPPLY 1, SUPPLY 1, U_SPLY 1, SUPPLY 1, SUPPLY 1, "
642,"TEMPLE 1, SUPPLY 1, SUPPLY 1, U_BASE 1, SUPPLY 1, SUPPLY 1, U_SPLY 1, SUPPLY 1, SUPPLY 1, "
642,"SUPPLY 1, TEMPLE 1, U_SPLY 1, U_BASE 1, SUPPLY 1, SUPPLY 1, U_SPLY 1, U_SPLY 1, SUPPLY 1, SUPPLY 1, U_SPLY 1, SUPPLY 1, "
642,"TEMPLE 1, SUPPLY 1, SUPPLY 1, SUPPLY 1, SUPPLY 1, U_BASE 1, U_SPLY 1, SUPPLY 1, "
642,"SUPPLY 1, TEMPLE 1, U_SPLY 1, U_BASE 1, SUPPLY 1, SUPPLY 1, U_SPLY 1, U_SPLY 1, SUPPLY 1, U_SPLY 1, SUPPLY 1, SUPPLY 1, "
642,"SUPPLY 1, TEMPLE 1, U_SPLY 1, U_BASE 1, SUPPLY 1, SUPPLY 1, U_SPLY 1, U_SPLY 1, SUPPLY 1, U_SPLY 1, SUPPLY 1, SUPPLY 1, "
642,"TEMPLE 1, SUPPLY 1, SUPPLY 1, U_BASE 1, SUPPLY 1, SUPPLY 1, U_SPLY 1, SUPPLY 1, SUPPLY 1, "
643,"SUPPLY 1, SUPPLY 1, TEMPLE 1, U_SPLY 1, U_BASE 1, U_SPLY 1, SUPPLY 1, U_SPLY 1, SUPPLY 1, U_SPLY 1, "
644,"TEMPLE 1, SUPPLY 1, SUPPLY 1, SUPPLY 1, U_BASE 1, U_SPLY 1, SUPPLY 1, SUPPLY 1, "
645,"U_BASE 1, SUPPLY 1, SUPPLY 1, TEMPLE 1, U_SPLY 1, SUPPLY 1, SUPPLY 1, SUPPLY 1, SUPPLY 1, "
646,"SUPPLY 1, U_BASE 1, SUPPLY 1, SUPPLY 1, SUPPLY 1, SUPPLY 1, TEMPLE 1, "
646,"SUPPLY 1, SUPPLY 1, U_BASE 1, SUPPLY 1, SUPPLY 1, SUPPLY 1, TEMPLE 1, "
647,"SUPPLY 1, TEMPLE 1, SUPPLY 1, SUPPLY 1, SUPPLY 1, U_SPLY 1, "
650,"SUPPLY 1, U_BASE 1, SUPPLY 1, TEMPLE 1, U_SPLY 1, SUPPLY 1, U_SPLY 1, SUPPLY 1, SUPPLY 1, "
654,"SUPPLY 1, TEMPLE 1, U_BASE 1, SUPPLY 1, U_SPLY 1, U_SPLY 1, SUPPLY 1, SUPPLY 1, U_SPLY 1, U_SPLY 1, SUPPLY 1, SUPPLY 1, "
655,"SUPPLY 1, TEMPLE 1, U_SPLY 1, U_BASE 1, SUPPLY 1, SUPPLY 1, U_SPLY 1, SUPPLY 1, SUPPLY 1, SUPPLY 1, "
656,"SUPPLY 1, SUPPLY 1, U_BASE 1, TEMPLE 1, SUPPLY 1, SUPPLY 1, SUPPLY 1, SUPPLY 1, "
656,"SUPPLY 1, U_BASE 1, SUPPLY 1, TEMPLE 1, SUPPLY 1, SUPPLY 1, SUPPLY 1, SUPPLY 1, "
657,"TEMPLE 1, SUPPLY 1, SUPPLY 1, SUPPLY 1, SUPPLY 1, U_SPLY 1, "
657,"TEMPLE 1, SUPPLY 1, SUPPLY 1, U_BASE 1, SUPPLY 1, SUPPLY 1, SUPPLY 1, SUPPLY 1, "
657,"TEMPLE 1, SUPPLY 1, SUPPLY 1, SUPPLY 1, SUPPLY 1, U_SPLY 1, "
657,"TEMPLE 1, SUPPLY 1, SUPPLY 1, SUPPLY 1, SUPPLY 1, U_SPLY 1, "
657,"TEMPLE 1, SUPPLY 1, SUPPLY 1, SUPPLY 1, SUPPLY 1, U_SPLY 1, "
657,"TEMPLE 1, SUPPLY 1, SUPPLY 1, U_BASE 1, SUPPLY 1, SUPPLY 1, SUPPLY 1, SUPPLY 1, "
657,"TEMPLE 1, SUPPLY 1, SUPPLY 1, U_BASE 1, SUPPLY 1, SUPPLY 1, SUPPLY 1, SUPPLY 1, "
657,"TEMPLE 1, SUPPLY 1, SUPPLY 1, SUPPLY 1, SUPPLY 1, U_SPLY 1, "
657,"TEMPLE 1, SUPPLY 1, SUPPLY 1, SUPPLY 1, SUPPLY 1, U_SPLY 1, "
657,"SUPPLY 1, SUPPLY 1, U_BASE 1, TEMPLE 1, SUPPLY 1, U_SPLY 1, SUPPLY 1, SUPPLY 1, "
657,"TEMPLE 1, SUPPLY 1, SUPPLY 1, SUPPLY 1, SUPPLY 1, U_SPLY 1, "
657,"TEMPLE 1, SUPPLY 1, SUPPLY 1, U_BASE 1, SUPPLY 1, SUPPLY 1, SUPPLY 1, SUPPLY 1, "
657,"TEMPLE 1, SUPPLY 1, SUPPLY 1, U_BASE 1, SUPPLY 1, SUPPLY 1, SUPPLY 1, SUPPLY 1, "
657,"TEMPLE 1, SUPPLY 1, SUPPLY 1, U_BASE 1, SUPPLY 1, SUPPLY 1, SUPPLY 1, SUPPLY 1, "
657,"TEMPLE 1, SUPPLY 1, SUPPLY 1, SUPPLY 1, SUPPLY 1, U_SPLY 1, "
657,"TEMPLE 1, SUPPLY 1, SUPPLY 1, U_BASE 1, SUPPLY 1, SUPPLY 1, SUPPLY 1, SUPPLY 1, "
657,"TEMPLE 1, SUPPLY 1, SUPPLY 1, U_BASE 1, SUPPLY 1, SUPPLY 1, SUPPLY 1, SUPPLY 1, "
658,"TEMPLE 1, SUPPLY 1, SUPPLY 1, SUPPLY 1, SUPPLY 1, U_BASE 1, SUPPLY 1, "
658,"SUPPLY 1, SUPPLY 1, U_BASE 1, TEMPLE 1, U_SPLY 1, U_SPLY 1, SUPPLY 1, SUPPLY 1, SUPPLY 1, "
658,"SUPPLY 1, U_BASE 1, SUPPLY 1, TEMPLE 1, U_SPLY 1, U_SPLY 1, SUPPLY 1, SUPPLY 1, SUPPLY 1, "
658,"TEMPLE 1, SUPPLY 1, SUPPLY 1, SUPPLY 1, SUPPLY 1, U_BASE 1, SUPPLY 1, "
659,"SUPPLY 1, TEMPLE 1, U_BASE 1, SUPPLY 1, U_SPLY 1, SUPPLY 1, SUPPLY 1, U_SPLY 1, SUPPLY 1, SUPPLY 1, "
659,"U_BASE 1, SUPPLY 1, TEMPLE 1, SUPPLY 1, SUPPLY 1, SUPPLY 1, U_SPLY 1, SUPPLY 1, U_SPLY 1, U_SPLY 1, U_SPLY 1, U_SPLY 1, SUPPLY 1, "
659,"SUPPLY 1, TEMPLE 1, U_BASE 1, SUPPLY 1, U_SPLY 1, SUPPLY 1, SUPPLY 1, SUPPLY 1, U_SPLY 1, SUPPLY 1, "
660,"SUPPLY 1, SUPPLY 1, SUPPLY 1, TEMPLE 1, U_SPLY 1, U_SPLY 1, U_SPLY 1, "
660,"SUPPLY 1, SUPPLY 1, TEMPLE 1, SUPPLY 1, U_SPLY 1, U_SPLY 1, U_SPLY 1, "
662,"TEMPLE 1, SUPPLY 1, U_BASE 1, SUPPLY 1, SUPPLY 1, U_SPLY 1, SUPPLY 1, U_SPLY 1, U_SPLY 1, SUPPLY 1, U_SPLY 1, U_SPLY 1, SUPPLY 1, "
662,"U_BASE 1, SUPPLY 1, SUPPLY 1, TEMPLE 1, U_SPLY 1, SUPPLY 1, SUPPLY 1, SUPPLY 1, "
663,"SUPPLY 1, SUPPLY 1, TEMPLE 1, SUPPLY 1, SUPPLY 1, "
664,"SUPPLY 1, U_BASE 1, TEMPLE 1, SUPPLY 1, SUPPLY 1, SUPPLY 1, U_SPLY 1, SUPPLY 1, U_SPLY 1, U_SPLY 1, U_SPLY 1, SUPPLY 1, "
664,"SUPPLY 1, U_BASE 1, TEMPLE 1, SUPPLY 1, SUPPLY 1, U_SPLY 1, SUPPLY 1, U_SPLY 1, U_SPLY 1, U_SPLY 1, SUPPLY 1, U_SPLY 1, SUPPLY 1, "
665,"TEMPLE 1, SUPPLY 1, U_BASE 1, SUPPLY 1, SUPPLY 1, U_SPLY 1, SUPPLY 1, U_SPLY 1, U_SPLY 1, U_SPLY 1, SUPPLY 1, U_SPLY 1, SUPPLY 1, "
665,"SUPPLY 1, SUPPLY 1, TEMPLE 1, SUPPLY 1, SUPPLY 1, U_BASE 1, U_SPLY 1, U_SPLY 1, "
666,"U_BASE 1, SUPPLY 1, TEMPLE 1, SUPPLY 1, SUPPLY 1, U_SPLY 1, U_SPLY 1, SUPPLY 1, U_SPLY 1, U_SPLY 1, SUPPLY 1, U_SPLY 1, SUPPLY 1, "
666,"TEMPLE 1, SUPPLY 1, SUPPLY 1, SUPPLY 1, SUPPLY 1, U_BASE 1, U_SPLY 1, U_SPLY 1, U_SPLY 1, "
667,"SUPPLY 1, TEMPLE 1, U_SPLY 1, U_BASE 1, SUPPLY 1, SUPPLY 1, SUPPLY 1, SUPPLY 1, SUPPLY 1, "
667,"SUPPLY 1, TEMPLE 1, U_SPLY 1, U_BASE 1, SUPPLY 1, SUPPLY 1, SUPPLY 1, SUPPLY 1, SUPPLY 1, "
667,"SUPPLY 1, TEMPLE 1, U_SPLY 1, U_BASE 1, SUPPLY 1, SUPPLY 1, SUPPLY 1, SUPPLY 1, SUPPLY 1, "
667,"SUPPLY 1, TEMPLE 1, U_SPLY 1, U_BASE 1, SUPPLY 1, SUPPLY 1, SUPPLY 1, SUPPLY 1, SUPPLY 1, "
667,"SUPPLY 1, TEMPLE 1, U_SPLY 1, U_BASE 1, SUPPLY 1, SUPPLY 1, SUPPLY 1, SUPPLY 1, SUPPLY 1, "
667,"SUPPLY 1, TEMPLE 1, U_SPLY 1, U_BASE 1, SUPPLY 1, SUPPLY 1, SUPPLY 1, SUPPLY 1, SUPPLY 1, "
667,"SUPPLY 1, TEMPLE 1, U_SPLY 1, U_BASE 1, SUPPLY 1, SUPPLY 1, SUPPLY 1, SUPPLY 1, SUPPLY 1, "
667,"SUPPLY 1, TEMPLE 1, U_SPLY 1, U_BASE 1, SUPPLY 1, SUPPLY 1, SUPPLY 1, SUPPLY 1, SUPPLY 1, "
668,"TEMPLE 1, SUPPLY 1, U_BASE 1, SUPPLY 1, SUPPLY 1, SUPPLY 1, U_SPLY 1, U_SPLY 1, U_SPLY 1, SUPPLY 1, U_SPLY 1, SUPPLY 1, "
669,"SUPPLY 1, U_BASE 1, TEMPLE 1, SUPPLY 1, U_SPLY 1, SUPPLY 1, SUPPLY 1, U_SPLY 1, U_SPLY 1, SUPPLY 1, U_SPLY 1, U_SPLY 1, SUPPLY 1, "
670,"U_BASE 1, SUPPLY 1, TEMPLE 1, SUPPLY 1, U_SPLY 1, SUPPLY 1, U_SPLY 1, SUPPLY 1, U_SPLY 1, SUPPLY 1, U_SPLY 1, U_SPLY 1, SUPPLY 1, "
670,"SUPPLY 1, TEMPLE 1, U_BASE 1, U_SPLY 1, SUPPLY 1, SUPPLY 1, U_SPLY 1, SUPPLY 1, U_SPLY 1, SUPPLY 1, U_SPLY 1, U_SPLY 1, SUPPLY 1, "
671,"U_BASE 1, SUPPLY 1, TEMPLE 1, SUPPLY 1, SUPPLY 1, U_SPLY 1, SUPPLY 1, U_SPLY 1, SUPPLY 1, U_SPLY 1, SUPPLY 1, "
672,"SUPPLY 1, TEMPLE 1, U_BASE 1, SUPPLY 1, SUPPLY 1, SUPPLY 1, SUPPLY 1, SUPPLY 1, "
672,"SUPPLY 1, TEMPLE 1, U_BASE 1, U_SPLY 1, SUPPLY 1, SUPPLY 1, SUPPLY 1, U_SPLY 1, U_SPLY 1, U_SPLY 1, SUPPLY 1, U_SPLY 1, SUPPLY 1, "
672,"SUPPLY 1, U_BASE 1, TEMPLE 1, SUPPLY 1, U_SPLY 1, SUPPLY 1, SUPPLY 1, U_SPLY 1, U_SPLY 1, U_SPLY 1, SUPPLY 1, U_SPLY 1, SUPPLY 1, "
673,"TEMPLE 1, SUPPLY 1, U_BASE 1, SUPPLY 1, U_SPLY 1, SUPPLY 1, SUPPLY 1, U_SPLY 1, U_SPLY 1, U_SPLY 1, SUPPLY 1, U_SPLY 1, SUPPLY 1, "
674,"SUPPLY 1, U_BASE 1, TEMPLE 1, SUPPLY 1, SUPPLY 1, U_SPLY 1, U_SPLY 1, U_SPLY 1, SUPPLY 1, U_SPLY 1, SUPPLY 1, SUPPLY 1, "
674,"U_BASE 1, SUPPLY 1, TEMPLE 1, SUPPLY 1, SUPPLY 1, U_SPLY 1, U_SPLY 1, U_SPLY 1, SUPPLY 1, U_SPLY 1, SUPPLY 1, SUPPLY 1, "
674,"TEMPLE 1, SUPPLY 1, U_BASE 1, SUPPLY 1, SUPPLY 1, SUPPLY 1, U_SPLY 1, U_SPLY 1, U_SPLY 1, SUPPLY 1, SUPPLY 1, "
676,"SUPPLY 1, TEMPLE 1, U_BASE 1, U_SPLY 1, SUPPLY 1, SUPPLY 1, U_SPLY 1, SUPPLY 1, U_SPLY 1, U_SPLY 1, SUPPLY 1, SUPPLY 1, "
676,"TEMPLE 1, SUPPLY 1, U_BASE 1, SUPPLY 1, U_SPLY 1, SUPPLY 1, SUPPLY 1, U_SPLY 1, U_SPLY 1, SUPPLY 1, U_SPLY 1, SUPPLY 1, "
676,"TEMPLE 1, SUPPLY 1, U_BASE 1, SUPPLY 1, U_SPLY 1, SUPPLY 1, U_SPLY 1, SUPPLY 1, U_SPLY 1, SUPPLY 1, U_SPLY 1, SUPPLY 1, "
677,"TEMPLE 1, SUPPLY 1, U_BASE 1, SUPPLY 1, U_SPLY 1, SUPPLY 1, SUPPLY 1, SUPPLY 1, U_SPLY 1, U_SPLY 1, U_SPLY 1, SUPPLY 1, "
677,"SUPPLY 1, TEMPLE 1, U_BASE 1, U_SPLY 1, SUPPLY 1, SUPPLY 1, SUPPLY 1, U_SPLY 1, U_SPLY 1, U_SPLY 1, SUPPLY 1, SUPPLY 1, "
678,"TEMPLE 1, SUPPLY 1, U_BASE 1, SUPPLY 1, SUPPLY 1, U_SPLY 1, U_SPLY 1, SUPPLY 1, U_SPLY 1, SUPPLY 1, SUPPLY 1, "
678,"TEMPLE 1, SUPPLY 1, U_BASE 1, SUPPLY 1, SUPPLY 1, U_SPLY 1, U_SPLY 1, SUPPLY 1, U_SPLY 1, SUPPLY 1, SUPPLY 1, "
678,"TEMPLE 1, SUPPLY 1, U_BASE 1, SUPPLY 1, SUPPLY 1, U_SPLY 1, U_SPLY 1, SUPPLY 1, SUPPLY 1, U_SPLY 1, SUPPLY 1, "
678,"SUPPLY 1, U_BASE 1, TEMPLE 1, SUPPLY 1, SUPPLY 1, SUPPLY 1, U_SPLY 1, SUPPLY 1, U_SPLY 1, SUPPLY 1, "
679,"SUPPLY 1, TEMPLE 1, U_SPLY 1, SUPPLY 1, U_SPLY 1, U_BASE 1, SUPPLY 1, SUPPLY 1, "
679,"TEMPLE 1, SUPPLY 1, U_BASE 1, SUPPLY 1, SUPPLY 1, U_SPLY 1, SUPPLY 1, SUPPLY 1, U_SPLY 1, U_SPLY 1, U_SPLY 1, "
681,"TEMPLE 1, SUPPLY 1, U_BASE 1, SUPPLY 1, U_SPLY 1, SUPPLY 1, U_SPLY 1, U_SPLY 1, SUPPLY 1, SUPPLY 1, U_SPLY 1, SUPPLY 1, "
681,"SUPPLY 1, U_BASE 1, TEMPLE 1, SUPPLY 1, SUPPLY 1, U_SPLY 1, U_SPLY 1, U_SPLY 1, SUPPLY 1, SUPPLY 1, SUPPLY 1, "
681,"TEMPLE 1, SUPPLY 1, U_BASE 1, SUPPLY 1, SUPPLY 1, SUPPLY 1, U_SPLY 1, U_SPLY 1, SUPPLY 1, SUPPLY 1, "
681,"TEMPLE 1, SUPPLY 1, SUPPLY 1, SUPPLY 1, U_BASE 1, U_SPLY 1, SUPPLY 1, U_SPLY 1, "
681,"SUPPLY 1, U_BASE 1, TEMPLE 1, SUPPLY 1, U_SPLY 1, SUPPLY 1, SUPPLY 1, U_SPLY 1, SUPPLY 1, U_SPLY 1, SUPPLY 1, "
681,"TEMPLE 1, SUPPLY 1, SUPPLY 1, SUPPLY 1, U_BASE 1, U_SPLY 1, SUPPLY 1, U_SPLY 1, "
681,"TEMPLE 1, SUPPLY 1, SUPPLY 1, SUPPLY 1, SUPPLY 1, U_BASE 1, U_SPLY 1, U_SPLY 1, "
682,"SUPPLY 1, TEMPLE 1, U_BASE 1, U_SPLY 1, SUPPLY 1, U_SPLY 1, SUPPLY 1, SUPPLY 1, U_SPLY 1, U_SPLY 1, SUPPLY 1, SUPPLY 1, "
682,"TEMPLE 1, SUPPLY 1, SUPPLY 1, SUPPLY 1, SUPPLY 1, "
682,"TEMPLE 1, SUPPLY 1, SUPPLY 1, SUPPLY 1, SUPPLY 1, "
682,"TEMPLE 1, SUPPLY 1, SUPPLY 1, SUPPLY 1, SUPPLY 1, "
682,"TEMPLE 1, SUPPLY 1, SUPPLY 1, SUPPLY 1, SUPPLY 1, "
682,"TEMPLE 1, SUPPLY 1, SUPPLY 1, SUPPLY 1, SUPPLY 1, "
682,"TEMPLE 1, SUPPLY 1, SUPPLY 1, SUPPLY 1, SUPPLY 1, "
682,"TEMPLE 1, SUPPLY 1, SUPPLY 1, SUPPLY 1, SUPPLY 1, "
682,"TEMPLE 1, SUPPLY 1, SUPPLY 1, SUPPLY 1, SUPPLY 1, "
682,"TEMPLE 1, SUPPLY 1, SUPPLY 1, SUPPLY 1, SUPPLY 1, "
682,"TEMPLE 1, SUPPLY 1, SUPPLY 1, SUPPLY 1, SUPPLY 1, "
682,"TEMPLE 1, SUPPLY 1, SUPPLY 1, SUPPLY 1, SUPPLY 1, "
682,"TEMPLE 1, SUPPLY 1, SUPPLY 1, SUPPLY 1, SUPPLY 1, "
682,"SUPPLY 1, TEMPLE 1, U_BASE 1, U_SPLY 1, SUPPLY 1, U_SPLY 1, SUPPLY 1, U_SPLY 1, SUPPLY 1, U_SPLY 1, SUPPLY 1, SUPPLY 1, "
682,"TEMPLE 1, SUPPLY 1, SUPPLY 1, SUPPLY 1, SUPPLY 1, "
682,"TEMPLE 1, SUPPLY 1, SUPPLY 1, SUPPLY 1, SUPPLY 1, "
682,"TEMPLE 1, SUPPLY 1, SUPPLY 1, SUPPLY 1, SUPPLY 1, "
682,"TEMPLE 1, SUPPLY 1, SUPPLY 1, SUPPLY 1, SUPPLY 1, "
682,"TEMPLE 1, SUPPLY 1, SUPPLY 1, SUPPLY 1, SUPPLY 1, "
682,"TEMPLE 1, SUPPLY 1, SUPPLY 1, SUPPLY 1, SUPPLY 1, "
682,"TEMPLE 1, SUPPLY 1, SUPPLY 1, SUPPLY 1, SUPPLY 1, "
682,"TEMPLE 1, SUPPLY 1, SUPPLY 1, SUPPLY 1, SUPPLY 1, "
682,"TEMPLE 1, SUPPLY 1, SUPPLY 1, SUPPLY 1, SUPPLY 1, "
682,"TEMPLE 1, SUPPLY 1, SUPPLY 1, SUPPLY 1, SUPPLY 1, "
682,"TEMPLE 1, SUPPLY 1, SUPPLY 1, SUPPLY 1, SUPPLY 1, "
682,"TEMPLE 1, SUPPLY 1, SUPPLY 1, SUPPLY 1, SUPPLY 1, "
682,"TEMPLE 1, SUPPLY 1, SUPPLY 1, SUPPLY 1, SUPPLY 1, "
682,"U_BASE 1, SUPPLY 1, TEMPLE 1, SUPPLY 1, U_SPLY 1, SUPPLY 1, SUPPLY 1, SUPPLY 1, U_SPLY 1, U_SPLY 1, SUPPLY 1, "
682,"TEMPLE 1, SUPPLY 1, SUPPLY 1, SUPPLY 1, SUPPLY 1, "
682,"TEMPLE 1, SUPPLY 1, SUPPLY 1, SUPPLY 1, SUPPLY 1, "
682,"TEMPLE 1, SUPPLY 1, SUPPLY 1, SUPPLY 1, SUPPLY 1, "
682,"SUPPLY 1, TEMPLE 1, U_BASE 1, U_SPLY 1, SUPPLY 1, U_SPLY 1, SUPPLY 1, SUPPLY 1, U_SPLY 1, U_SPLY 1, SUPPLY 1, SUPPLY 1, "
682,"TEMPLE 1, SUPPLY 1, SUPPLY 1, SUPPLY 1, SUPPLY 1, "
682,"TEMPLE 1, SUPPLY 1, SUPPLY 1, SUPPLY 1, SUPPLY 1, "
682,"TEMPLE 1, SUPPLY 1, SUPPLY 1, SUPPLY 1, SUPPLY 1, "
682,"TEMPLE 1, SUPPLY 1, SUPPLY 1, SUPPLY 1, SUPPLY 1, "
684,"SUPPLY 1, SUPPLY 1, TEMPLE 1, U_BASE 1, SUPPLY 1, SUPPLY 1, U_SPLY 1, "
684,"SUPPLY 1, TEMPLE 1, U_SPLY 1, U_BASE 1, SUPPLY 1, SUPPLY 1, SUPPLY 1, SUPPLY 1, "
684,"SUPPLY 1, U_BASE 1, TEMPLE 1, SUPPLY 1, U_SPLY 1, U_SPLY 1, SUPPLY 1, U_SPLY 1, SUPPLY 1, SUPPLY 1, U_SPLY 1, SUPPLY 1, "
684,"TEMPLE 1, SUPPLY 1, U_BASE 1, SUPPLY 1, U_SPLY 1, SUPPLY 1, U_SPLY 1, SUPPLY 1, SUPPLY 1, U_SPLY 1, SUPPLY 1, "
684,"U_BASE 1, SUPPLY 1, TEMPLE 1, SUPPLY 1, U_SPLY 1, U_SPLY 1, SUPPLY 1, U_SPLY 1, SUPPLY 1, SUPPLY 1, U_SPLY 1, SUPPLY 1, "
684,"TEMPLE 1, SUPPLY 1, U_BASE 1, SUPPLY 1, U_SPLY 1, SUPPLY 1, U_SPLY 1, SUPPLY 1, U_SPLY 1, SUPPLY 1, SUPPLY 1, "
685,"SUPPLY 1, U_BASE 1, TEMPLE 1, SUPPLY 1, U_SPLY 1, U_SPLY 1, SUPPLY 1, U_SPLY 1, SUPPLY 1, U_SPLY 1, SUPPLY 1, SUPPLY 1, "
685,"U_BASE 1, SUPPLY 1, TEMPLE 1, SUPPLY 1, SUPPLY 1, U_SPLY 1, SUPPLY 1, U_SPLY 1, SUPPLY 1, U_SPLY 1, "
685,"U_BASE 1, SUPPLY 1, TEMPLE 1, SUPPLY 1, U_SPLY 1, U_SPLY 1, SUPPLY 1, U_SPLY 1, SUPPLY 1, U_SPLY 1, SUPPLY 1, SUPPLY 1, "
685,"TEMPLE 1, SUPPLY 1, U_BASE 1, SUPPLY 1, U_SPLY 1, U_SPLY 1, SUPPLY 1, U_SPLY 1, SUPPLY 1, SUPPLY 1, U_SPLY 1, SUPPLY 1, "
686,"TEMPLE 1, SUPPLY 1, U_BASE 1, SUPPLY 1, U_SPLY 1, U_SPLY 1, SUPPLY 1, SUPPLY 1, U_SPLY 1, U_SPLY 1, SUPPLY 1, SUPPLY 1, "
686,"TEMPLE 1, SUPPLY 1, U_BASE 1, SUPPLY 1, U_SPLY 1, U_SPLY 1, SUPPLY 1, SUPPLY 1, U_SPLY 1, U_SPLY 1, SUPPLY 1, SUPPLY 1, "
688,"U_BASE 1, SUPPLY 1, SUPPLY 1, TEMPLE 1, U_SPLY 1, U_SPLY 1, SUPPLY 1, SUPPLY 1, U_SPLY 1, "
688,"SUPPLY 1, SUPPLY 1, U_BASE 1, TEMPLE 1, U_SPLY 1, U_SPLY 1, SUPPLY 1, U_SPLY 1, SUPPLY 1, "
688,"SUPPLY 1, U_BASE 1, SUPPLY 1, TEMPLE 1, U_SPLY 1, U_SPLY 1, SUPPLY 1, U_SPLY 1, SUPPLY 1, "
689,"SUPPLY 1, TEMPLE 1, U_SPLY 1, U_BASE 1, SUPPLY 1, SUPPLY 1, U_SPLY 1, SUPPLY 1, U_SPLY 1, U_SPLY 1, "
689,"U_BASE 1, SUPPLY 1, TEMPLE 1, SUPPLY 1, SUPPLY 1, SUPPLY 1, U_SPLY 1, SUPPLY 1, SUPPLY 1, "
690,"SUPPLY 1, U_BASE 1, TEMPLE 1, SUPPLY 1, SUPPLY 1, SUPPLY 1, SUPPLY 1, U_SPLY 1, SUPPLY 1, "
690,"SUPPLY 1, U_BASE 1, TEMPLE 1, SUPPLY 1, U_SPLY 1, SUPPLY 1, SUPPLY 1, SUPPLY 1, U_SPLY 1, SUPPLY 1, "
690,"U_BASE 1, SUPPLY 1, TEMPLE 1, SUPPLY 1, SUPPLY 1, SUPPLY 1, SUPPLY 1, U_SPLY 1, SUPPLY 1, "
691,"U_BASE 1, SUPPLY 1, TEMPLE 1, SUPPLY 1, U_SPLY 1, U_SPLY 1, SUPPLY 1, U_SPLY 1, SUPPLY 1, SUPPLY 1, SUPPLY 1, "
691,"SUPPLY 1, U_BASE 1, TEMPLE 1, SUPPLY 1, U_SPLY 1, SUPPLY 1, U_SPLY 1, SUPPLY 1, SUPPLY 1, SUPPLY 1, "
692,"TEMPLE 1, SUPPLY 1, U_BASE 1, SUPPLY 1, SUPPLY 1, U_SPLY 1, SUPPLY 1, SUPPLY 1, SUPPLY 1, "
692,"TEMPLE 1, SUPPLY 1, U_BASE 1, SUPPLY 1, U_SPLY 1, SUPPLY 1, U_SPLY 1, SUPPLY 1, SUPPLY 1, SUPPLY 1, "
695,"U_BASE 1, SUPPLY 1, SUPPLY 1, TEMPLE 1, SUPPLY 1, SUPPLY 1, U_SPLY 1, U_SPLY 1, "
696,"TEMPLE 1, SUPPLY 1, U_BASE 1, SUPPLY 1, SUPPLY 1, U_SPLY 1, SUPPLY 1, U_SPLY 1, SUPPLY 1, "
696,"TEMPLE 1, SUPPLY 1, U_BASE 1, SUPPLY 1, U_SPLY 1, SUPPLY 1, SUPPLY 1, SUPPLY 1, U_SPLY 1, U_SPLY 1, "
697,"U_BASE 1, SUPPLY 1, SUPPLY 1, TEMPLE 1, U_SPLY 1, SUPPLY 1, SUPPLY 1, U_SPLY 1, "
697,"TEMPLE 1, SUPPLY 1, U_BASE 1, SUPPLY 1, U_SPLY 1, SUPPLY 1, U_SPLY 1, SUPPLY 1, U_SPLY 1, SUPPLY 1, "
699,"SUPPLY 1, SUPPLY 1, U_BASE 1, SUPPLY 1, TEMPLE 1, SUPPLY 1, U_SPLY 1, "
699,"SUPPLY 1, SUPPLY 1, SUPPLY 1, U_BASE 1, TEMPLE 1, SUPPLY 1, U_SPLY 1, "
701,"U_BASE 1, SUPPLY 1, TEMPLE 1, SUPPLY 1, U_SPLY 1, SUPPLY 1, SUPPLY 1, SUPPLY 1, SUPPLY 1, "
701,"SUPPLY 1, U_BASE 1, TEMPLE 1, SUPPLY 1, U_SPLY 1, SUPPLY 1, SUPPLY 1, SUPPLY 1, SUPPLY 1, "
701,"TEMPLE 1, SUPPLY 1, SUPPLY 1, SUPPLY 1, SUPPLY 1, U_BASE 1, U_SPLY 1, "
701,"TEMPLE 1, SUPPLY 1, U_BASE 1, SUPPLY 1, SUPPLY 1, U_SPLY 1, U_SPLY 1, SUPPLY 1, SUPPLY 1, "
702,"TEMPLE 1, SUPPLY 1, U_BASE 1, SUPPLY 1, U_SPLY 1, SUPPLY 1, SUPPLY 1, SUPPLY 1, SUPPLY 1, "
702,"U_BASE 1, SUPPLY 1, TEMPLE 1, U_SPLY 1, SUPPLY 1, SUPPLY 1, U_SPLY 1, SUPPLY 1, U_SPLY 1, U_SPLY 1, SUPPLY 1, U_SPLY 1, SUPPLY 1, "
703,"SUPPLY 1, TEMPLE 1, U_BASE 1, U_SPLY 1, SUPPLY 1, SUPPLY 1, SUPPLY 1, SUPPLY 1, SUPPLY 1, "
703,"U_BASE 1, SUPPLY 1, TEMPLE 1, U_SPLY 1, SUPPLY 1, SUPPLY 1, SUPPLY 1, U_SPLY 1, U_SPLY 1, U_SPLY 1, SUPPLY 1, U_SPLY 1, SUPPLY 1, "
707,"TEMPLE 1, SUPPLY 1, U_BASE 1, U_SPLY 1, SUPPLY 1, SUPPLY 1, U_SPLY 1, SUPPLY 1, U_SPLY 1, SUPPLY 1, U_SPLY 1, SUPPLY 1, "
708,"TEMPLE 1, SUPPLY 1, U_BASE 1, U_SPLY 1, SUPPLY 1, SUPPLY 1, U_SPLY 1, SUPPLY 1, U_SPLY 1, U_SPLY 1, SUPPLY 1, SUPPLY 1, "
711,"U_BASE 1, SUPPLY 1, TEMPLE 1, U_SPLY 1, SUPPLY 1, SUPPLY 1, U_SPLY 1, U_SPLY 1, SUPPLY 1, U_SPLY 1, SUPPLY 1, SUPPLY 1, "
711,"SUPPLY 1, U_BASE 1, TEMPLE 1, U_SPLY 1, SUPPLY 1, SUPPLY 1, U_SPLY 1, U_SPLY 1, SUPPLY 1, U_SPLY 1, SUPPLY 1, SUPPLY 1, "
711,"SUPPLY 1, U_BASE 1, TEMPLE 1, U_SPLY 1, SUPPLY 1, SUPPLY 1, U_SPLY 1, U_SPLY 1, SUPPLY 1, SUPPLY 1, U_SPLY 1, SUPPLY 1, "
711,"U_BASE 1, SUPPLY 1, TEMPLE 1, U_SPLY 1, SUPPLY 1, SUPPLY 1, U_SPLY 1, U_SPLY 1, SUPPLY 1, U_SPLY 1, SUPPLY 1, SUPPLY 1, "
711,"U_BASE 1, SUPPLY 1, TEMPLE 1, U_SPLY 1, SUPPLY 1, SUPPLY 1, U_SPLY 1, U_SPLY 1, SUPPLY 1, SUPPLY 1, U_SPLY 1, SUPPLY 1, "
711,"SUPPLY 1, U_BASE 1, TEMPLE 1, U_SPLY 1, SUPPLY 1, SUPPLY 1, U_SPLY 1, U_SPLY 1, SUPPLY 1, U_SPLY 1, SUPPLY 1, SUPPLY 1, "
712,"U_BASE 1, SUPPLY 1, SUPPLY 1, TEMPLE 1, SUPPLY 1, U_SPLY 1, SUPPLY 1, "
713,"U_BASE 1, SUPPLY 1, TEMPLE 1, U_SPLY 1, SUPPLY 1, U_SPLY 1, SUPPLY 1, U_SPLY 1, SUPPLY 1, SUPPLY 1, U_SPLY 1, SUPPLY 1, "
713,"U_BASE 1, SUPPLY 1, TEMPLE 1, U_SPLY 1, SUPPLY 1, U_SPLY 1, SUPPLY 1, U_SPLY 1, SUPPLY 1, U_SPLY 1, SUPPLY 1, SUPPLY 1, "
713,"SUPPLY 1, U_BASE 1, TEMPLE 1, U_SPLY 1, SUPPLY 1, U_SPLY 1, SUPPLY 1, U_SPLY 1, SUPPLY 1, U_SPLY 1, SUPPLY 1, SUPPLY 1, "
713,"SUPPLY 1, U_BASE 1, TEMPLE 1, U_SPLY 1, SUPPLY 1, U_SPLY 1, SUPPLY 1, U_SPLY 1, SUPPLY 1, U_SPLY 1, SUPPLY 1, SUPPLY 1, "
713,"U_BASE 1, SUPPLY 1, TEMPLE 1, U_SPLY 1, SUPPLY 1, U_SPLY 1, SUPPLY 1, SUPPLY 1, U_SPLY 1, U_SPLY 1, SUPPLY 1, SUPPLY 1, "
713,"U_BASE 1, SUPPLY 1, TEMPLE 1, U_SPLY 1, SUPPLY 1, U_SPLY 1, SUPPLY 1, SUPPLY 1, U_SPLY 1, U_SPLY 1, SUPPLY 1, SUPPLY 1, "
713,"U_BASE 1, SUPPLY 1, TEMPLE 1, U_SPLY 1, SUPPLY 1, U_SPLY 1, SUPPLY 1, U_SPLY 1, SUPPLY 1, U_SPLY 1, SUPPLY 1, SUPPLY 1, "
713,"U_BASE 1, SUPPLY 1, TEMPLE 1, U_SPLY 1, SUPPLY 1, U_SPLY 1, SUPPLY 1, U_SPLY 1, SUPPLY 1, SUPPLY 1, U_SPLY 1, SUPPLY 1, "
713,"SUPPLY 1, U_BASE 1, TEMPLE 1, U_SPLY 1, SUPPLY 1, U_SPLY 1, SUPPLY 1, SUPPLY 1, U_SPLY 1, SUPPLY 1, U_SPLY 1, SUPPLY 1, "
713,"SUPPLY 1, SUPPLY 1, TEMPLE 1, SUPPLY 1, U_SPLY 1, "
713,"SUPPLY 1, U_BASE 1, TEMPLE 1, U_SPLY 1, SUPPLY 1, U_SPLY 1, SUPPLY 1, U_SPLY 1, SUPPLY 1, SUPPLY 1, U_SPLY 1, SUPPLY 1, "
714,"TEMPLE 1, SUPPLY 1, U_BASE 1, U_SPLY 1, SUPPLY 1, U_SPLY 1, SUPPLY 1, U_SPLY 1, SUPPLY 1, U_SPLY 1, SUPPLY 1, SUPPLY 1, "
714,"U_BASE 1, SUPPLY 1, TEMPLE 1, U_SPLY 1, SUPPLY 1, SUPPLY 1, SUPPLY 1, U_SPLY 1, U_SPLY 1, SUPPLY 1, SUPPLY 1, "
714,"TEMPLE 1, SUPPLY 1, U_BASE 1, U_SPLY 1, SUPPLY 1, U_SPLY 1, SUPPLY 1, SUPPLY 1, U_SPLY 1, SUPPLY 1, U_SPLY 1, SUPPLY 1, "
714,"U_BASE 1, SUPPLY 1, TEMPLE 1, U_SPLY 1, SUPPLY 1, SUPPLY 1, SUPPLY 1, U_SPLY 1, SUPPLY 1, U_SPLY 1, SUPPLY 1, "
714,"SUPPLY 1, U_BASE 1, TEMPLE 1, U_SPLY 1, SUPPLY 1, SUPPLY 1, SUPPLY 1, SUPPLY 1, U_SPLY 1, U_SPLY 1, SUPPLY 1, "
714,"SUPPLY 1, U_BASE 1, TEMPLE 1, U_SPLY 1, SUPPLY 1, SUPPLY 1, SUPPLY 1, U_SPLY 1, U_SPLY 1, SUPPLY 1, SUPPLY 1, "
714,"SUPPLY 1, SUPPLY 1, TEMPLE 1, U_SPLY 1, SUPPLY 1, "
714,"U_BASE 1, SUPPLY 1, TEMPLE 1, U_SPLY 1, SUPPLY 1, SUPPLY 1, SUPPLY 1, SUPPLY 1, U_SPLY 1, U_SPLY 1, SUPPLY 1, "
714,"SUPPLY 1, U_BASE 1, SUPPLY 1, SUPPLY 1, SUPPLY 1, TEMPLE 1, "
714,"U_BASE 1, SUPPLY 1, SUPPLY 1, TEMPLE 1, SUPPLY 1, SUPPLY 1, U_SPLY 1, "
717,"TEMPLE 1, SUPPLY 1, SUPPLY 1, U_BASE 1, U_SPLY 1, SUPPLY 1, SUPPLY 1, "
717,"SUPPLY 1, U_BASE 1, TEMPLE 1, U_SPLY 1, SUPPLY 1, SUPPLY 1, U_SPLY 1, U_SPLY 1, SUPPLY 1, SUPPLY 1, SUPPLY 1, "
720,"U_BASE 1, SUPPLY 1, TEMPLE 1, U_SPLY 1, SUPPLY 1, U_SPLY 1, SUPPLY 1, SUPPLY 1, U_SPLY 1, SUPPLY 1, SUPPLY 1, "
720,"SUPPLY 1, U_BASE 1, TEMPLE 1, U_SPLY 1, SUPPLY 1, U_SPLY 1, SUPPLY 1, U_SPLY 1, SUPPLY 1, SUPPLY 1, SUPPLY 1, "
721,"TEMPLE 1, SUPPLY 1, U_BASE 1, U_SPLY 1, SUPPLY 1, U_SPLY 1, SUPPLY 1, U_SPLY 1, SUPPLY 1, SUPPLY 1, SUPPLY 1, "
723,"SUPPLY 1, TEMPLE 1, SUPPLY 1, U_SPLY 1, SUPPLY 1, "
723,"TEMPLE 1, SUPPLY 1, SUPPLY 1, SUPPLY 1, SUPPLY 1, U_BASE 1, "
723,"TEMPLE 1, SUPPLY 1, U_BASE 1, U_SPLY 1, SUPPLY 1, SUPPLY 1, U_SPLY 1, U_SPLY 1, SUPPLY 1, U_SPLY 1, SUPPLY 1, "
724,"SUPPLY 1, SUPPLY 1, U_BASE 1, SUPPLY 1, TEMPLE 1, SUPPLY 1, "
724,"SUPPLY 1, SUPPLY 1, SUPPLY 1, U_BASE 1, TEMPLE 1, SUPPLY 1, "
725,"TEMPLE 1, SUPPLY 1, U_BASE 1, U_SPLY 1, SUPPLY 1, U_SPLY 1, SUPPLY 1, U_SPLY 1, SUPPLY 1, SUPPLY 1, U_SPLY 1, "
726,"SUPPLY 1, U_BASE 1, TEMPLE 1, SUPPLY 1, U_SPLY 1, SUPPLY 1, U_SPLY 1, SUPPLY 1, U_SPLY 1, U_SPLY 1, "
727,"SUPPLY 1, U_BASE 1, TEMPLE 1, U_SPLY 1, SUPPLY 1, SUPPLY 1, U_SPLY 1, SUPPLY 1, SUPPLY 1, U_SPLY 1, "
728,"U_BASE 1, SUPPLY 1, SUPPLY 1, SUPPLY 1, TEMPLE 1, U_SPLY 1, U_SPLY 1, U_SPLY 1, "
729,"U_BASE 1, SUPPLY 1, TEMPLE 1, U_SPLY 1, SUPPLY 1, U_SPLY 1, SUPPLY 1, SUPPLY 1, SUPPLY 1, SUPPLY 1, "
731,"TEMPLE 1, SUPPLY 1, U_BASE 1, SUPPLY 1, SUPPLY 1, U_SPLY 1, SUPPLY 1, U_SPLY 1, U_SPLY 1, "
733,"TEMPLE 1, SUPPLY 1, U_BASE 1, U_SPLY 1, SUPPLY 1, U_SPLY 1, SUPPLY 1, SUPPLY 1, U_SPLY 1, SUPPLY 1, "
734,"U_BASE 1, SUPPLY 1, TEMPLE 1, U_SPLY 1, SUPPLY 1, SUPPLY 1, SUPPLY 1, SUPPLY 1, SUPPLY 1, "
739,"SUPPLY 1, U_BASE 1, SUPPLY 1, TEMPLE 1, SUPPLY 1, SUPPLY 1, "
744,"SUPPLY 1, U_BASE 1, TEMPLE 1, SUPPLY 1, U_SPLY 1, U_SPLY 1, SUPPLY 1, U_SPLY 1, SUPPLY 1, "
747,"SUPPLY 1, SUPPLY 1, U_BASE 1, TEMPLE 1, U_SPLY 1, U_SPLY 1, SUPPLY 1, U_SPLY 1, "
748,"SUPPLY 1, TEMPLE 1, SUPPLY 1, U_SPLY 1, U_BASE 1, SUPPLY 1, U_SPLY 1, "
753,"SUPPLY 1, TEMPLE 1, U_BASE 1, U_SPLY 1, SUPPLY 1, SUPPLY 1, U_SPLY 1, SUPPLY 1, "
760,"SUPPLY 1, TEMPLE 1, SUPPLY 1, U_SPLY 1, SUPPLY 1, U_BASE 1, "
760,"TEMPLE 1, SUPPLY 1, U_BASE 1, U_SPLY 1, SUPPLY 1, SUPPLY 1, U_SPLY 1, U_SPLY 1, SUPPLY 1, U_SPLY 1, "
762,"TEMPLE 1, SUPPLY 1, U_BASE 1, U_SPLY 1, SUPPLY 1, U_SPLY 1, SUPPLY 1, U_SPLY 1, SUPPLY 1, U_SPLY 1, "
764,"U_BASE 1, SUPPLY 1, TEMPLE 1, SUPPLY 1, SUPPLY 1, SUPPLY 1, U_SPLY 1, "
769,"U_BASE 1, SUPPLY 1, SUPPLY 1, TEMPLE 1, U_SPLY 1, U_SPLY 1, SUPPLY 1, "
769,"SUPPLY 1, SUPPLY 1, U_BASE 1, TEMPLE 1, U_SPLY 1, U_SPLY 1, SUPPLY 1, "
769,"SUPPLY 1, U_BASE 1, SUPPLY 1, TEMPLE 1, U_SPLY 1, U_SPLY 1, SUPPLY 1, "
778,"SUPPLY 1, TEMPLE 1, SUPPLY 1, U_SPLY 1, U_BASE 1, SUPPLY 1, "
781,"SUPPLY 1, SUPPLY 1, SUPPLY 1, U_BASE 1, TEMPLE 1, U_SPLY 1, "
781,"U_BASE 1, SUPPLY 1, SUPPLY 1, SUPPLY 1, TEMPLE 1, U_SPLY 1, "
783,"SUPPLY 1, SUPPLY 1, TEMPLE 1, U_SPLY 1, U_SPLY 1, "
789,"TEMPLE 1, SUPPLY 1, U_BASE 1, U_SPLY 1, SUPPLY 1, U_SPLY 1, SUPPLY 1, SUPPLY 1, "
790,"SUPPLY 1, TEMPLE 1, U_BASE 1, SUPPLY 1, U_SPLY 1, SUPPLY 1, U_SPLY 1, "
793,"SUPPLY 1, U_BASE 1, SUPPLY 1, TEMPLE 1, SUPPLY 1, U_SPLY 1, "
793,"U_BASE 1, SUPPLY 1, SUPPLY 1, TEMPLE 1, SUPPLY 1, U_SPLY 1, "
813,"SUPPLY 1, SUPPLY 1, SUPPLY 1, TEMPLE 1, "
814,"SUPPLY 1, TEMPLE 1, U_SPLY 1, U_BASE 1, SUPPLY 1, SUPPLY 1, "
817,"TEMPLE 1, SUPPLY 1, U_BASE 1, SUPPLY 1, SUPPLY 1, U_SPLY 1, U_SPLY 1, "
821,"SUPPLY 1, SUPPLY 1, TEMPLE 1, SUPPLY 1, "
837,"SUPPLY 1, TEMPLE 1, U_SPLY 1, SUPPLY 1, U_SPLY 1, U_BASE 1, "
845,"TEMPLE 1, SUPPLY 1, SUPPLY 1, SUPPLY 1, "
845,"TEMPLE 1, SUPPLY 1, SUPPLY 1, SUPPLY 1, "
845,"TEMPLE 1, SUPPLY 1, SUPPLY 1, SUPPLY 1, "
845,"TEMPLE 1, SUPPLY 1, SUPPLY 1, SUPPLY 1, "
845,"TEMPLE 1, SUPPLY 1, SUPPLY 1, SUPPLY 1, "
845,"TEMPLE 1, SUPPLY 1, SUPPLY 1, SUPPLY 1, "
845,"TEMPLE 1, SUPPLY 1, SUPPLY 1, SUPPLY 1, "
845,"TEMPLE 1, SUPPLY 1, SUPPLY 1, SUPPLY 1, "
845,"TEMPLE 1, SUPPLY 1, SUPPLY 1, SUPPLY 1, "
845,"TEMPLE 1, SUPPLY 1, SUPPLY 1, SUPPLY 1, "
845,"TEMPLE 1, SUPPLY 1, SUPPLY 1, SUPPLY 1, "
851,"SUPPLY 1, TEMPLE 1, U_BASE 1, U_SPLY 1, SUPPLY 1, SUPPLY 1, "
851,"U_BASE 1, SUPPLY 1, TEMPLE 1, SUPPLY 1, U_SPLY 1, SUPPLY 1, "
852,"U_BASE 1, SUPPLY 1, TEMPLE 1, U_SPLY 1, SUPPLY 1, SUPPLY 1, U_SPLY 1, "
854,"U_BASE 1, SUPPLY 1, TEMPLE 1, U_SPLY 1, SUPPLY 1, U_SPLY 1, SUPPLY 1, "
855,"TEMPLE 1, SUPPLY 1, U_BASE 1, U_SPLY 1, SUPPLY 1, U_SPLY 1, SUPPLY 1, "
872,"SUPPLY 1, SUPPLY 1, TEMPLE 1, SUPPLY 1, U_BASE 1, "
882,"U_BASE 1, SUPPLY 1, TEMPLE 1, U_SPLY 1, SUPPLY 1, SUPPLY 1, "
882,"SUPPLY 1, U_BASE 1, TEMPLE 1, U_SPLY 1, SUPPLY 1, SUPPLY 1, "
889,"SUPPLY 1, TEMPLE 1, SUPPLY 1, U_BASE 1, SUPPLY 1, "
889,"U_BASE 1, SUPPLY 1, SUPPLY 1, SUPPLY 1, TEMPLE 1, "
889,"SUPPLY 1, U_BASE 1, SUPPLY 1, SUPPLY 1, TEMPLE 1, "
902,"U_BASE 1, SUPPLY 1, SUPPLY 1, TEMPLE 1, SUPPLY 1, "
903,"TEMPLE 1, SUPPLY 1, SUPPLY 1, U_BASE 1, SUPPLY 1, "
903,"TEMPLE 1, SUPPLY 1, SUPPLY 1, U_BASE 1, SUPPLY 1, "
903,"TEMPLE 1, SUPPLY 1, SUPPLY 1, U_BASE 1, SUPPLY 1, "
921,"SUPPLY 1, SUPPLY 1, TEMPLE 1, U_SPLY 1, "
924,"SUPPLY 1, U_BASE 1, TEMPLE 1, SUPPLY 1, U_SPLY 1, U_SPLY 1, "
934,"SUPPLY 1, TEMPLE 1, SUPPLY 1, U_SPLY 1, "
953,"U_BASE 1, SUPPLY 1, TEMPLE 1, U_SPLY 1, SUPPLY 1, U_SPLY 1, "
953,"SUPPLY 1, U_BASE 1, TEMPLE 1, U_SPLY 1, SUPPLY 1, U_SPLY 1, "
971,"SUPPLY 1, SUPPLY 1, TEMPLE 1, U_SPLY 1, U_BASE 1, "
975,"SUPPLY 1, SUPPLY 1, TEMPLE 1, U_BASE 1, U_SPLY 1, "
,"U_BASE 1, SUPPLY 1, SUPPLY 1, TEMPLE 1, U_SPLY 1, "
,"SUPPLY 1, TEMPLE 1, U_SPLY 1, U_BASE 1, "
,"TEMPLE 1, SUPPLY 1, SUPPLY 1, "
,"U_BASE 1, SUPPLY 1, TEMPLE 1, "
,"TEMPLE 1, SUPPLY 1, "
,"SUPPLY 1, SUPPLY 1, U_BASE 1, TEMPLE 1, "
,"SUPPLY 1, TEMPLE 1, SUPPLY 1, "
,"TEMPLE 1, SUPPLY 1, SUPPLY 1, "
,"TEMPLE 1, SUPPLY 1, SUPPLY 1, U_BASE 1, "
,"SUPPLY 1, U_BASE 1, TEMPLE 1, SUPPLY 1, U_SPLY 1, "
,"SUPPLY 1, TEMPLE 1, U_SPLY 1, U_BASE 1, SUPPLY 1, "
,"TEMPLE 1, SUPPLY 1, SUPPLY 1, U_BASE 1, "
,"TEMPLE 1, SUPPLY 1, SUPPLY 1, U_BASE 1, U_SPLY 1, "
,"TEMPLE 1, SUPPLY 1, U_BASE 1, "
,"TEMPLE 1, SUPPLY 1, U_BASE 1, "
,"SUPPLY 1, U_BASE 1, SUPPLY 1, TEMPLE 1, "
,"U_BASE 1, SUPPLY 1, TEMPLE 1, U_SPLY 1, SUPPLY 1, "
,"TEMPLE 1, SUPPLY 1, U_BASE 1, SUPPLY 1, "
,"TEMPLE 1, SUPPLY 1, SUPPLY 1, "
,"TEMPLE 1, SUPPLY 1, "
,"TEMPLE 1, SUPPLY 1, U_BASE 1, SUPPLY 1, "
,"TEMPLE 1, SUPPLY 1, SUPPLY 1, "
,"TEMPLE 1, SUPPLY 1, U_BASE 1, SUPPLY 1, U_SPLY 1, "
,"SUPPLY 1, U_BASE 1, TEMPLE 1, "
,"SUPPLY 1, U_BASE 1, TEMPLE 1, SUPPLY 1, "
,"TEMPLE 1, SUPPLY 1, SUPPLY 1, "
,"TEMPLE 1, SUPPLY 1, SUPPLY 1, "
,"TEMPLE 1, SUPPLY 1, "
,"TEMPLE 1, SUPPLY 1, SUPPLY 1, "
,"TEMPLE 1, SUPPLY 1, U_BASE 1, U_SPLY 1, "
,"U_BASE 1, SUPPLY 1, SUPPLY 1, TEMPLE 1, "
,"SUPPLY 1, SUPPLY 1, TEMPLE 1, "
,"SUPPLY 1, TEMPLE 1, U_SPLY 1, "
